Episode,Gamma,Episode Length,Average time,Average reward
1000,0.55,10,699151.4779150959,-0.046279999999999974
5000,0.55,10,698593.3783534371,-0.04403599999999998
10000,0.55,10,698525.1710339033,-0.028281999999999977
15000,0.55,10,698504.5720333601,-0.027266666666666644
20000,0.55,10,698496.6614617395,-0.024722999999999978
25000,0.55,10,698494.4652805296,-0.022418399999999977
30000,0.55,10,698495.6844037838,-0.02039999999999998
35000,0.55,10,698499.2828075127,-0.01995085714285712
40000,0.55,10,698504.8023895635,-0.01937299999999998
45000,0.55,10,698512.2264463293,-0.01850844444444442
50000,0.55,10,698521.1173334107,-0.018769599999999977
1000,0.55,20,699211.330594384,-0.08048000000000004
5000,0.55,20,698653.5731793705,-0.04191200000000003
10000,0.55,20,698586.3574723296,-0.018680000000000037
15000,0.55,20,698567.3597201959,-0.01217333333333337
20000,0.55,20,698561.6063288741,-0.008000000000000035
25000,0.55,20,698562.185372007,-0.004391200000000034
30000,0.55,20,698566.8191706766,-0.0012973333333333684
35000,0.55,20,698574.4613217572,0.0033468571428571076
40000,0.55,20,698584.4417547241,0.007648999999999967
45000,0.55,20,698596.5412995776,0.010531555555555521
50000,0.55,20,698610.5435398688,0.012207999999999965
1000,0.55,30,699303.5670283505,-0.10528000000000007
5000,0.55,30,698746.0730070479,-0.08884000000000009
10000,0.55,30,698679.6133968896,-0.07191600000000008
15000,0.55,30,698661.9076435867,-0.05677200000000007
20000,0.55,30,698657.8695100547,-0.05090600000000007
25000,0.55,30,698660.5751528277,-0.04751840000000007
30000,0.55,30,698667.851942984,-0.042018000000000076
35000,0.55,30,698678.617516401,-0.0358365714285715
40000,0.55,30,698692.4613272966,-0.031934500000000074
45000,0.55,30,698709.0438041814,-0.026787555555555627
50000,0.55,30,698728.2200410335,-0.02357160000000007
1000,0.55,40,699423.9445953749,-0.3385000000000002
5000,0.55,40,698866.8803940054,-0.29803600000000013
10000,0.55,40,698801.8078429438,-0.2824860000000002
15000,0.55,40,698786.3854040706,-0.26019066666666685
20000,0.55,40,698785.3864900548,-0.24610300000000015
25000,0.55,40,698791.9650781255,-0.21446000000000018
30000,0.55,40,698803.546921213,-0.1854133333333335
35000,0.55,40,698819.2171352723,-0.16425371428571447
40000,0.55,40,698838.2483727328,-0.14734250000000018
45000,0.55,40,698860.4112192959,-0.13151288888888904
50000,0.55,40,698885.41446774,-0.11801360000000015
1000,0.55,50,699583.8241588046,-0.3626600000000002
5000,0.55,50,699026.8608153764,-0.2961240000000002
10000,0.55,50,698961.9405476169,-0.19761600000000018
15000,0.55,50,698946.4022607582,-0.15311066666666684
20000,0.55,50,698945.3470803523,-0.10871200000000014
25000,0.55,50,698951.6969167286,-0.08387680000000015
30000,0.55,50,698963.2497253235,-0.07015266666666681
35000,0.55,50,698979.0645104636,-0.058081714285714424
40000,0.55,50,698998.2122383298,-0.046433000000000134
45000,0.55,50,699020.4261882374,-0.034938666666666805
50000,0.55,50,699045.5699803822,-0.021545600000000137
1000,0.55,60,699744.2947104569,-0.4208600000000003
5000,0.55,60,699187.6365967849,-0.39851600000000026
10000,0.55,60,699123.9630775601,-0.31953800000000027
15000,0.55,60,699110.3886067746,-0.2834293333333336
20000,0.55,60,699111.9746293061,-0.2593010000000002
25000,0.55,60,699121.7931106826,-0.23837200000000022
30000,0.55,60,699137.2206336567,-0.21384466666666688
35000,0.55,60,699156.985434253,-0.19483485714285734
40000,0.55,60,699180.7888934785,-0.1810850000000002
45000,0.55,60,699208.5081475399,-0.17100266666666686
50000,0.55,60,699239.6520095299,-0.1632324000000002
1000,0.55,70,699941.5378635235,-0.5511200000000004
5000,0.55,70,699385.0501992732,-0.4428600000000004
10000,0.55,70,699322.0040613448,-0.20188200000000026
15000,0.55,70,699308.1558476089,-0.11345733333333356
20000,0.55,70,699308.7668519418,-0.06808800000000022
25000,0.55,70,699316.6800953342,-0.0370928000000002
30000,0.55,70,699329.5667721367,-0.01958666666666686
35000,0.55,70,699346.6696890745,-0.0022817142857144753
40000,0.55,70,699367.6046163832,0.006857499999999814
45000,0.55,70,699391.5700221965,0.015697777777777592
50000,0.55,70,699418.9811489608,0.023577599999999824
1000,0.55,80,700119.3792317908,-0.45228000000000035
5000,0.55,80,699562.7354533171,-0.3268960000000003
10000,0.55,80,699499.2725673585,-0.1928700000000003
15000,0.55,80,699485.634650143,-0.1554573333333336
20000,0.55,80,699487.1916372004,-0.11076900000000026
25000,0.55,80,699496.6331043051,-0.07689600000000024
30000,0.55,80,699511.3736650691,-0.050787333333333566
35000,0.55,80,699530.365360425,-0.02225428571428593
40000,0.55,80,699552.8131705663,-0.003265000000000208
45000,0.55,80,699578.317253357,0.009947999999999797
50000,0.55,80,699607.1522841911,0.021929999999999804
1000,0.55,90,700307.8182194186,-0.6608600000000004
5000,0.55,90,699751.5520168003,-0.45288800000000046
10000,0.55,90,699689.2127248555,-0.32574400000000037
15000,0.55,90,699677.6057671445,-0.2660320000000003
20000,0.55,90,699681.6758023086,-0.23989800000000033
25000,0.55,90,699694.6480166797,-0.22288240000000034
30000,0.55,90,699713.9246914558,-0.2070660000000003
35000,0.55,90,699738.6006228228,-0.19587085714285746
40000,0.55,90,699768.1159262225,-0.1869385000000003
45000,0.55,90,699801.748569596,-0.17964444444444475
50000,0.55,90,699839.8603618762,-0.1721692000000003
1000,0.55,100,700546.2652750089,-1.089460000000001
5000,0.55,100,699990.8621971826,-0.7869120000000005
10000,0.55,100,699930.8830597012,-0.6137480000000006
15000,0.55,100,699922.5429787039,-0.48824533333333386
20000,0.55,100,699930.2343900047,-0.42178500000000047
25000,0.55,100,699947.0912124397,-0.37984000000000046
30000,0.55,100,699970.9280415279,-0.3487580000000004
35000,0.55,100,700000.4065556949,-0.32369257142857183
40000,0.55,100,700035.2572150951,-0.3064430000000004
45000,0.55,100,700074.9904968169,-0.2897084444444448
50000,0.55,100,700119.2370345967,-0.2747772000000004
1000,0.6,10,700827.5072257903,-0.04527999999999997
5000,0.6,10,700268.0574702388,-0.040283999999999986
10000,0.6,10,700199.6501667626,-0.028853999999999973
15000,0.6,10,700178.9845043974,-0.022674666666666645
20000,0.6,10,700171.0498889809,-0.021123999999999976
25000,0.6,10,700168.895254277,-0.018111199999999973
30000,0.6,10,700170.0996303392,-0.016379999999999978
35000,0.6,10,700173.7002615287,-0.016780571428571405
40000,0.6,10,700179.1780857885,-0.015733499999999977
45000,0.6,10,700186.3634199342,-0.014464444444444419
50000,0.6,10,700194.9532563016,-0.014325599999999975
1000,0.6,20,700886.6579123224,-0.12454000000000005
5000,0.6,20,700327.5816040189,-0.04672000000000004
10000,0.6,20,700260.1370811897,-0.022038000000000033
15000,0.6,20,700241.0122751174,-0.01533733333333337
20000,0.6,20,700235.2914669268,-0.016220000000000033
25000,0.6,20,700235.9229217314,-0.013363200000000033
30000,0.6,20,700240.5132547722,-0.0118246666666667
35000,0.6,20,700248.2417441821,-0.008534285714285748
40000,0.6,20,700258.3732649743,-0.005671000000000034
45000,0.6,20,700270.6370960635,-0.004502222222222256
50000,0.6,20,700285.0364596496,-0.004233600000000034
1000,0.6,30,700979.8811318735,-0.09060000000000008
5000,0.6,30,700421.0363875274,-0.08453600000000008
10000,0.6,30,700354.4533812111,-0.08657000000000008
15000,0.6,30,700336.8071567501,-0.08713333333333341
20000,0.6,30,700333.1195648351,-0.08062000000000007
25000,0.6,30,700336.1277188873,-0.06503840000000008
30000,0.6,30,700343.6914588864,-0.05380200000000007
35000,0.6,30,700354.8141056615,-0.04155600000000008
40000,0.6,30,700368.7431611179,-0.03285300000000008
45000,0.6,30,700385.2428587876,-0.02151733333333341
50000,0.6,30,700404.3524170143,-0.012971600000000074
1000,0.6,40,701101.6593713135,-0.3515200000000002
5000,0.6,40,700543.270629229,-0.26776400000000017
10000,0.6,40,700477.9544675675,-0.23969200000000015
15000,0.6,40,700462.3120500474,-0.21518000000000018
20000,0.6,40,700461.254745485,-0.16847800000000016
25000,0.6,40,700467.5600261448,-0.14084560000000015
30000,0.6,40,700478.7516042521,-0.12517066666666682
35000,0.6,40,700493.8547121439,-0.1080954285714287
40000,0.6,40,700512.3525495145,-0.09469400000000014
45000,0.6,40,700534.0813817505,-0.08452800000000013
50000,0.6,40,700558.6951690112,-0.07185680000000012
1000,0.6,50,701258.638621843,-0.27096000000000015
5000,0.6,50,700700.2503476106,-0.23706000000000021
10000,0.6,50,700635.2195745438,-0.17171000000000017
15000,0.6,50,700619.9121600005,-0.1292813333333335
20000,0.6,50,700619.0552507145,-0.10397300000000016
25000,0.6,50,700625.6768431688,-0.08979600000000015
30000,0.6,50,700637.4392801713,-0.0811053333333335
35000,0.6,50,700653.3585178565,-0.06691657142857159
40000,0.6,50,700672.7414105058,-0.055192000000000144
45000,0.6,50,700695.2432660956,-0.044875555555555696
50000,0.6,50,700720.7234164897,-0.03686840000000014
1000,0.6,60,701421.4857296495,-0.4386200000000003
5000,0.6,60,700863.4088621989,-0.3309320000000002
10000,0.6,60,700799.252475234,-0.27493000000000023
15000,0.6,60,700785.4289324032,-0.24932800000000024
20000,0.6,60,700786.8243718825,-0.22254000000000024
25000,0.6,60,700796.1593763037,-0.20743680000000023
30000,0.6,60,700811.112030904,-0.18173866666666688
35000,0.6,60,700831.7027683547,-0.16587542857142876
40000,0.6,60,700857.7082329817,-0.1535820000000002
45000,0.6,60,700886.3408912286,-0.1409880000000002
50000,0.6,60,700918.0915062238,-0.1257640000000002
1000,0.6,70,701621.7846098435,-0.6140600000000004
5000,0.6,70,701063.8315044716,-0.2564600000000003
10000,0.6,70,700999.7211329462,-0.16401400000000027
15000,0.6,70,700985.7920294248,-0.13343333333333357
20000,0.6,70,700987.2069253434,-0.11144100000000023
25000,0.6,70,700996.0395943935,-0.09971120000000022
30000,0.6,70,701010.5380202901,-0.09276800000000021
35000,0.6,70,701030.0090244344,-0.08493885714285736
40000,0.6,70,701053.2535066757,-0.07740050000000022
45000,0.6,70,701080.2124021465,-0.06981377777777797
50000,0.6,70,701110.5943807339,-0.0637340000000002
1000,0.6,80,701814.3275873777,-0.4792000000000004
5000,0.6,80,701256.1106899049,-0.2265880000000003
10000,0.6,80,701191.9751853904,-0.13638600000000026
15000,0.6,80,701178.0414726058,-0.08784133333333356
20000,0.6,80,701178.9544651844,-0.062257000000000236
25000,0.6,80,701187.739019904,-0.054792800000000225
30000,0.6,80,701202.1995190827,-0.041018666666666884
35000,0.6,80,701221.3177463964,-0.03450628571428593
40000,0.6,80,701244.5486653073,-0.031231000000000217
45000,0.6,80,701271.7258879141,-0.029161777777777988
50000,0.6,80,701302.7054594096,-0.02569640000000021
1000,0.6,90,702007.0351589012,-0.4147000000000004
5000,0.6,90,701448.8737829936,-0.22019200000000033
10000,0.6,90,701384.9858292604,-0.11445400000000026
15000,0.6,90,701371.1049424821,-0.07851600000000024
20000,0.6,90,701372.2791814851,-0.06453900000000024
25000,0.6,90,701381.3881373288,-0.06022320000000024
30000,0.6,90,701396.455462479,-0.052932000000000236
35000,0.6,90,701416.2493500274,-0.0494531428571431
40000,0.6,90,701440.4194150203,-0.047207500000000235
45000,0.6,90,701468.7318536113,-0.04407022222222245
50000,0.6,90,701500.5748540611,-0.04138600000000023
1000,0.6,100,702205.8773342819,-0.9600200000000007
5000,0.6,100,701648.9229240773,-0.7740560000000006
10000,0.6,100,701588.6901825031,-0.6422720000000005
15000,0.6,100,701580.6719065136,-0.566958666666667
20000,0.6,100,701589.5963580741,-0.5187590000000005
25000,0.6,100,701608.5354540745,-0.47880400000000045
30000,0.6,100,701634.3382755718,-0.40866000000000047
35000,0.6,100,701665.2312350323,-0.35228914285714324
40000,0.6,100,701700.514941872,-0.3162530000000004
45000,0.6,100,701740.0865969652,-0.28524222222222256
50000,0.6,100,701783.6199614566,-0.2593568000000004
1000,0.65,10,702491.9707517725,-0.08333999999999997
5000,0.65,10,701931.1917295349,-0.05547199999999998
10000,0.65,10,701862.6383893699,-0.03662799999999998
15000,0.65,10,701841.9541634453,-0.032149333333333314
20000,0.65,10,701834.0231467935,-0.027897999999999975
25000,0.65,10,701831.7819183436,-0.024778399999999975
30000,0.65,10,701832.9288082368,-0.02304466666666664
35000,0.65,10,701836.4921092284,-0.023063428571428547
40000,0.65,10,701841.9627883104,-0.021870999999999974
45000,0.65,10,701849.0494987029,-0.020512888888888865
50000,0.65,10,701857.9306540799,-0.020449999999999975
1000,0.65,20,702551.3912009784,-0.09080000000000003
5000,0.65,20,701990.9760333278,-0.013428000000000037
10000,0.65,20,701923.3316527294,0.013651999999999965
15000,0.65,20,701904.1483907795,0.0228533333333333
20000,0.65,20,701898.2535978912,0.027014999999999963
25000,0.65,20,701898.6842258181,0.037294399999999964
30000,0.65,20,701903.1251591461,0.040143333333333295
35000,0.65,20,701910.5864461645,0.043697714285714256
40000,0.65,20,701920.4788764991,0.04644649999999997
45000,0.65,20,701932.4163319453,0.04900933333333331
50000,0.65,20,701946.3150808176,0.05186559999999998
1000,0.65,30,702642.4678782846,-0.13482000000000008
5000,0.65,30,702082.3124175525,-0.08810400000000009
10000,0.65,30,702015.5670408336,-0.03919000000000008
15000,0.65,30,701997.6790232387,-0.010761333333333406
20000,0.65,30,701993.4932636851,0.005239999999999931
25000,0.65,30,701995.9813370199,0.014579999999999933
30000,0.65,30,702002.885054609,0.0284946666666666
35000,0.65,30,702012.9982225383,0.03788228571428565
40000,0.65,30,702026.1190560467,0.04571049999999993
45000,0.65,30,702041.7570503766,0.05078311111111104
50000,0.65,30,702059.7706232667,0.05812639999999994
1000,0.65,40,702758.1541634841,-0.3622200000000002
5000,0.65,40,702198.4725231368,-0.3164840000000002
10000,0.65,40,702133.0892521803,-0.2846600000000002
15000,0.65,40,702117.4903290567,-0.2526053333333335
20000,0.65,40,702116.5347616208,-0.21900900000000015
25000,0.65,40,702123.4316496361,-0.18953760000000017
30000,0.65,40,702136.5245863285,-0.15599533333333349
35000,0.65,40,702154.275319869,-0.13009942857142873
40000,0.65,40,702173.2060196853,-0.10874550000000013
45000,0.65,40,702194.7231051737,-0.09038222222222236
50000,0.65,40,702219.1843502667,-0.07295400000000013
1000,0.65,50,702920.3511576235,-0.4399000000000002
5000,0.65,50,702360.7859710574,-0.2665320000000002
10000,0.65,50,702295.7170085269,-0.1770900000000002
15000,0.65,50,702280.378824053,-0.1319493333333335
20000,0.65,50,702279.7831112742,-0.08662000000000017
25000,0.65,50,702286.4884436902,-0.04990400000000015
30000,0.65,50,702298.0338585271,-0.023473333333333474
35000,0.65,50,702313.2325341116,0.004688571428571293
40000,0.65,50,702331.7961176783,0.027682499999999874
45000,0.65,50,702353.099734764,0.04348133333333321
50000,0.65,50,702377.1802873797,0.056028399999999874
1000,0.65,60,703078.352068273,-0.4454000000000003
5000,0.65,60,702518.9581218738,-0.2984560000000002
10000,0.65,60,702454.6259063778,-0.24423800000000023
15000,0.65,60,702440.7706072192,-0.2166626666666669
20000,0.65,60,702442.169123916,-0.2002740000000002
25000,0.65,60,702451.7621229645,-0.17444800000000021
30000,0.65,60,702466.5249724834,-0.15235733333333357
35000,0.65,60,702485.4300984747,-0.1328314285714288
40000,0.65,60,702507.9276082932,-0.11336400000000021
45000,0.65,60,702534.1741135026,-0.10285111111111132
50000,0.65,60,702563.76059921,-0.0851296000000002
1000,0.65,70,703267.9279293163,-0.41152000000000033
5000,0.65,70,702708.1155193357,-0.05112800000000021
10000,0.65,70,702642.7911266389,-0.0006000000000001904
15000,0.65,70,702627.1808296982,0.016479999999999818
20000,0.65,70,702626.312878456,0.02481999999999982
25000,0.65,70,702632.9330004561,0.03542239999999982
30000,0.65,70,702644.6554299683,0.040523999999999824
35000,0.65,70,702660.6763704444,0.04286685714285697
40000,0.65,70,702680.485694065,0.04740299999999983
45000,0.65,70,702703.8443250932,0.048324888888888716
50000,0.65,70,702730.335035279,0.05048559999999983
1000,0.65,80,703433.9642952635,-0.3259200000000004
5000,0.65,80,702874.2712662678,-0.12398000000000027
10000,0.65,80,702809.532842914,-0.03879200000000022
15000,0.65,80,702794.5971562912,0.0006679999999997942
20000,0.65,80,702794.0999911692,0.012902999999999804
25000,0.65,80,702801.1409094372,0.023543999999999805
30000,0.65,80,702813.644111588,0.03349999999999981
35000,0.65,80,702830.4210962402,0.04383485714285695
40000,0.65,80,702850.8536914753,0.050624499999999815
45000,0.65,80,702874.6079721043,0.056909333333333166
50000,0.65,80,702901.81764782,0.07801719999999983
1000,0.65,90,703605.0072135619,-0.6091600000000003
5000,0.65,90,703046.002851145,-0.3899600000000004
10000,0.65,90,702982.798824844,-0.1624520000000003
15000,0.65,90,702969.1451266335,-0.06427466666666691
20000,0.65,90,702969.8972447333,-0.016446000000000224
25000,0.65,90,702978.1975958605,0.012308799999999797
30000,0.65,90,702991.5861422162,0.032857333333333134
35000,0.65,90,703008.9268655997,0.04833314285714267
40000,0.65,90,703030.1582980058,0.059116999999999816
45000,0.65,90,703055.3059704638,0.06651111111111092
50000,0.65,90,703083.2795758031,0.07386919999999982
1000,0.65,100,703787.3422640039,-0.9566800000000006
5000,0.65,100,703229.1573318186,-0.7879920000000007
10000,0.65,100,703169.1378796139,-0.7319260000000005
15000,0.65,100,703162.7226342981,-0.6232346666666672
20000,0.65,100,703172.9045447387,-0.4847570000000005
25000,0.65,100,703191.4229141793,-0.39290640000000043
30000,0.65,100,703215.3807985602,-0.3313193333333337
35000,0.65,100,703244.2034503252,-0.2773874285714289
40000,0.65,100,703277.0214024673,-0.23033950000000036
45000,0.65,100,703313.7011242046,-0.18798622222222258
50000,0.65,100,703353.4710277396,-0.15331760000000036
1000,0.7,10,704060.5066438627,-0.053759999999999974
5000,0.7,10,703498.4778356367,-0.03297999999999998
10000,0.7,10,703429.7515413812,-0.024229999999999977
15000,0.7,10,703408.970847503,-0.015357333333333311
20000,0.7,10,703400.9980230713,-0.011748999999999978
25000,0.7,10,703398.797468808,-0.009517599999999977
30000,0.7,10,703400.066415995,-0.006149333333333311
35000,0.7,10,703403.8004664683,-0.005827428571428549
40000,0.7,10,703409.4129014245,-0.005892999999999979
45000,0.7,10,703416.5335071081,-0.005182222222222201
50000,0.7,10,703425.1714264611,-0.004959999999999978
1000,0.7,20,704120.1249007456,-0.12378000000000003
5000,0.7,20,703558.4750412983,-0.01636000000000004
10000,0.7,20,703490.7349546618,0.005593999999999965
15000,0.7,20,703471.5675142603,0.01755866666666663
20000,0.7,20,703465.7447025891,0.025707999999999964
25000,0.7,20,703466.1392160205,0.03353519999999996
30000,0.7,20,703470.4729362251,0.03609866666666663
35000,0.7,20,703477.7701633979,0.038311999999999964
40000,0.7,20,703487.6853731538,0.04147899999999997
45000,0.7,20,703499.7834279704,0.04477688888888885
50000,0.7,20,703514.0288306844,0.04536599999999997
1000,0.7,30,704212.2006127698,-0.07968000000000007
5000,0.7,30,703650.696890981,-0.006140000000000072
10000,0.7,30,703583.4628146244,0.03743999999999993
15000,0.7,30,703565.0921426445,0.0551986666666666
20000,0.7,30,703560.4193358008,0.06291599999999993
25000,0.7,30,703562.5240079997,0.08667119999999992
30000,0.7,30,703568.8873885579,0.1002626666666666
35000,0.7,30,703578.5600635422,0.11433542857142849
40000,0.7,30,703590.8453604195,0.12266899999999992
45000,0.7,30,703605.42691202,0.13199199999999991
50000,0.7,30,703622.0778509355,0.13848199999999994
1000,0.7,40,704321.2646536296,-0.4093200000000002
5000,0.7,40,703760.2766732156,-0.20261200000000013
10000,0.7,40,703694.2400741106,-0.12484400000000014
15000,0.7,40,703677.5547968275,-0.05647066666666679
20000,0.7,40,703674.9209095519,-0.01897800000000012
25000,0.7,40,703679.3949096878,0.0038519999999998863
30000,0.7,40,703688.3028478691,0.019466666666666556
35000,0.7,40,703700.7320651081,0.03960399999999989
40000,0.7,40,703716.2350254351,0.05590549999999989
45000,0.7,40,703734.4356098827,0.06713999999999991
50000,0.7,40,703755.1716707763,0.0806019999999999
1000,0.7,50,704456.2642452953,-0.3749200000000002
5000,0.7,50,703895.3922169015,-0.2513600000000002
10000,0.7,50,703830.0977193384,-0.19224400000000016
15000,0.7,50,703814.8362949211,-0.11198133333333349
20000,0.7,50,703813.7225519709,-0.05503400000000014
25000,0.7,50,703819.7963255658,-0.015561600000000128
30000,0.7,50,703830.3151620108,0.010887999999999879
35000,0.7,50,703844.5999690153,0.037383999999999876
40000,0.7,50,703862.1487858201,0.05691999999999988
45000,0.7,50,703882.241584673,0.07144844444444433
50000,0.7,50,703904.6485280666,0.08154599999999988
1000,0.7,60,704606.4516336784,-0.4695400000000003
5000,0.7,60,704045.8163607087,-0.30102000000000023
10000,0.7,60,703981.1397082156,-0.19674200000000022
15000,0.7,60,703966.9505727568,-0.14747333333333354
20000,0.7,60,703968.0520349706,-0.11449900000000021
25000,0.7,60,703976.332991766,-0.08230960000000018
30000,0.7,60,703989.7533493161,-0.05610866666666684
35000,0.7,60,704007.3249359886,-0.03455828571428588
40000,0.7,60,704028.4316013338,-0.020117500000000166
45000,0.7,60,704052.3277576334,0.0015244444444442833
50000,0.7,60,704079.9811995366,0.024155199999999846
1000,0.7,70,704784.2165777243,-0.5033800000000004
5000,0.7,70,704223.5706450389,-0.20390800000000026
10000,0.7,70,704158.5618686454,-0.0307240000000002
15000,0.7,70,704143.00052786,0.021582666666666486
20000,0.7,70,704142.1288041822,0.04813299999999983
25000,0.7,70,704148.6483133489,0.06956239999999983
30000,0.7,70,704160.0358837808,0.08145733333333316
35000,0.7,70,704175.4583490586,0.10208399999999983
40000,0.7,70,704194.1502078925,0.11810799999999985
45000,0.7,70,704215.7162526377,0.12930977777777763
50000,0.7,70,704240.2349129377,0.13904839999999985
1000,0.7,80,704943.1714429816,-0.4059200000000003
5000,0.7,80,704382.4913439036,-0.2930840000000003
10000,0.7,80,704318.5613937142,-0.2484380000000003
15000,0.7,80,704305.3860282621,-0.15067200000000025
20000,0.7,80,704306.8628767842,-0.08470800000000021
25000,0.7,80,704315.8819828401,-0.040320800000000205
30000,0.7,80,704329.8984887548,0.010755333333333146
35000,0.7,80,704347.3448859546,0.055371428571428405
40000,0.7,80,704367.439711643,0.09423799999999985
45000,0.7,80,704390.0159752081,0.12340933333333319
50000,0.7,80,704414.6956546695,0.14793359999999986
1000,0.7,90,705116.5957229255,-0.5506400000000004
5000,0.7,90,704556.2488287041,-0.4191840000000004
10000,0.7,90,704493.0225280932,-0.2566140000000003
15000,0.7,90,704480.3469508291,-0.14967600000000025
20000,0.7,90,704482.2601605465,-0.08038500000000025
25000,0.7,90,704491.8037143067,-0.037514400000000225
30000,0.7,90,704506.5195220569,0.0113539999999998
35000,0.7,90,704525.0449872513,0.05564114285714267
40000,0.7,90,704547.0864716357,0.08925499999999982
45000,0.7,90,704571.4139052066,0.1181266666666665
50000,0.7,90,704597.9285386299,0.14122039999999986
1000,0.7,100,705300.9352042876,-0.9444800000000007
5000,0.7,100,704741.508447488,-0.6611040000000006
10000,0.7,100,704680.4923113935,-0.5023520000000005
15000,0.7,100,704671.5376891592,-0.4139026666666671
20000,0.7,100,704678.5761483621,-0.33028600000000036
25000,0.7,100,704694.1427319802,-0.25605040000000034
30000,0.7,100,704715.6135586684,-0.20370933333333366
35000,0.7,100,704741.2245456544,-0.15126971428571456
40000,0.7,100,704770.6521838428,-0.11020650000000028
45000,0.7,100,704803.3579334315,-0.07394000000000027
50000,0.7,100,704838.9484069172,-0.043532400000000256
1000,0.75,10,705545.5144540821,-0.039079999999999976
5000,0.75,10,704982.2931176997,-0.03179199999999999
10000,0.75,10,704913.4270555008,-0.017445999999999975
15000,0.75,10,704892.6323213971,-0.012011999999999976
20000,0.75,10,704884.6242865591,-0.007087999999999977
25000,0.75,10,704882.3607156494,-0.003153599999999977
30000,0.75,10,704883.5330225158,-0.0003346666666666446
35000,0.75,10,704887.081380223,-6.857142857140665e-05
40000,0.75,10,704892.5923861165,0.0002085000000000222
45000,0.75,10,704899.6904104227,0.0012746666666666891
50000,0.75,10,704908.2140837817,0.001443200000000022
1000,0.75,20,705604.5335442938,-0.10358000000000005
5000,0.75,20,705041.6685831296,-0.01191200000000004
10000,0.75,20,704973.7276080139,0.04201999999999996
15000,0.75,20,704954.3720775589,0.06613333333333331
20000,0.75,20,704948.3919357291,0.08128999999999996
25000,0.75,20,704948.6441050961,0.09725439999999995
30000,0.75,20,704952.7639653346,0.10717199999999996
35000,0.75,20,704959.9346680426,0.11494914285714282
40000,0.75,20,704969.6251773442,0.12281599999999998
45000,0.75,20,704981.1396483489,0.1296822222222222
50000,0.75,20,704994.5255158066,0.1353496
1000,0.75,30,705693.3850574106,-0.054500000000000076
5000,0.75,30,705130.6512736775,0.10162799999999994
10000,0.75,30,705063.1155611423,0.17919199999999993
15000,0.75,30,705044.3337654503,0.2162373333333333
20000,0.75,30,705038.961683061,0.23379199999999997
25000,0.75,30,705040.065382539,0.24558639999999993
30000,0.75,30,705045.3105207104,0.25263733333333327
35000,0.75,30,705053.5861838785,0.2589548571428571
40000,0.75,30,705064.3415757145,0.2660895
45000,0.75,30,705077.3869869735,0.2680822222222222
50000,0.75,30,705092.5827571675,0.2709724
1000,0.75,40,705792.5116777638,-0.3590400000000002
5000,0.75,40,705230.3534878928,-0.24555600000000016
10000,0.75,40,705164.3410323821,-0.14207400000000017
15000,0.75,40,705147.9254420783,-0.08373733333333348
20000,0.75,40,705145.7485082125,-0.035506000000000135
25000,0.75,40,705150.6783151824,-0.006392800000000134
30000,0.75,40,705160.2686848117,0.01389999999999987
35000,0.75,40,705173.4903898049,0.02890628571428559
40000,0.75,40,705190.0049315327,0.04672549999999988
45000,0.75,40,705209.2103241032,0.06513377777777767
50000,0.75,40,705230.9493070222,0.07963359999999989
1000,0.75,50,705933.7343757229,-0.42148000000000024
5000,0.75,50,705371.8147256777,-0.3270640000000002
10000,0.75,50,705306.5617042637,-0.19400000000000017
15000,0.75,50,705290.9646804276,-0.11336800000000015
20000,0.75,50,705289.376999839,-0.05940600000000013
25000,0.75,50,705294.6455218282,-0.022756000000000123
30000,0.75,50,705304.3574593342,0.00866866666666655
35000,0.75,50,705317.4103230892,0.03233942857142847
40000,0.75,50,705333.1974241646,0.0508894999999999
45000,0.75,50,705351.5676812943,0.0698488888888888
50000,0.75,50,705372.2281876705,0.08709199999999989
1000,0.75,60,706074.1534584295,-0.4675000000000003
5000,0.75,60,705512.2685642157,-0.2122720000000002
10000,0.75,60,705446.9624419316,-0.08031600000000018
15000,0.75,60,705431.2540050142,-0.0347653333333335
20000,0.75,60,705430.0927951207,0.004985999999999837
25000,0.75,60,705436.1775660658,0.04448719999999986
30000,0.75,60,705446.5706912269,0.08751799999999986
35000,0.75,60,705460.3518734643,0.1274862857142856
40000,0.75,60,705476.8668415259,0.1576769999999999
45000,0.75,60,705495.480546538,0.18106133333333327
50000,0.75,60,705516.1985272251,0.19865559999999993
1000,0.75,70,706218.080891095,-0.5099800000000004
5000,0.75,70,705656.1365589323,-0.04973200000000021
10000,0.75,70,705590.4780423802,0.08851799999999985
15000,0.75,70,705574.0200575413,0.1605573333333332
20000,0.75,70,705571.1827727733,0.20885199999999987
25000,0.75,70,705574.7370965861,0.2410031999999999
30000,0.75,70,705582.3682754248,0.26285999999999987
35000,0.75,70,705593.103787341,0.2781542857142856
40000,0.75,70,705606.2199347696,0.29184299999999985
45000,0.75,70,705621.6782742974,0.30187377777777763
50000,0.75,70,705639.2811239249,0.30945279999999986
1000,0.75,80,706340.1394143302,-0.4638600000000003
5000,0.75,80,705778.2723037292,-0.24360000000000032
10000,0.75,80,705713.8609080625,-0.15165400000000026
15000,0.75,80,705699.6963457948,-0.016028000000000216
20000,0.75,80,705699.4141831934,0.05757499999999982
25000,0.75,80,705705.8939710713,0.11244479999999982
30000,0.75,80,705716.7481650648,0.15082666666666653
35000,0.75,80,705730.8878246902,0.17843257142857127
40000,0.75,80,705747.7860454817,0.20229349999999985
45000,0.75,80,705766.9719011532,0.22085466666666653
50000,0.75,80,705788.6631971549,0.23463119999999987
1000,0.75,90,706490.9852053375,-0.7872400000000005
5000,0.75,90,705930.0799219963,-0.6128840000000005
10000,0.75,90,705867.9942939166,-0.4961140000000005
15000,0.75,90,705857.927101962,-0.3995693333333338
20000,0.75,90,705863.8341665736,-0.3210940000000004
25000,0.75,90,705878.07882943,-0.2652544000000004
30000,0.75,90,705898.1840746527,-0.21612866666666702
35000,0.75,90,705922.8221034249,-0.18141085714285746
40000,0.75,90,705951.6117218746,-0.1523705000000003
45000,0.75,90,705984.2834296388,-0.1276400000000003
50000,0.75,90,706020.7144307031,-0.10182560000000028
1000,0.75,100,706730.7430613622,-0.8690400000000007
5000,0.75,100,706169.970762119,-0.5522480000000005
10000,0.75,100,706107.3510449252,-0.15148600000000031
15000,0.75,100,706093.9519550506,-0.009364000000000245
20000,0.75,100,706094.5305419029,0.0714519999999998
25000,0.75,100,706101.8730651935,0.12124479999999983
30000,0.75,100,706113.5615570644,0.15778933333333317
35000,0.75,100,706128.7575373583,0.187906857142857
40000,0.75,100,706146.6030517429,0.2106909999999999
45000,0.75,100,706166.5535878632,0.22607866666666657
50000,0.75,100,706188.686722183,0.23993559999999992
1000,0.8,10,706890.5939577302,-0.04143999999999997
5000,0.8,10,706326.3001333394,-0.024843999999999984
10000,0.8,10,706257.292196128,-0.015715999999999977
15000,0.8,10,706236.4050066117,-0.013475999999999976
20000,0.8,10,706228.3196048065,-0.009889999999999977
25000,0.8,10,706226.0374928665,-0.007538399999999976
30000,0.8,10,706227.1930975778,-0.006390666666666645
35000,0.8,10,706230.7812850422,-0.008241714285714262
40000,0.8,10,706236.3300374025,-0.0067014999999999774
45000,0.8,10,706243.4227779238,-0.004470222222222199
50000,0.8,10,706252.0106274704,-0.0032871999999999776
1000,0.8,20,706949.6587285773,-0.14216000000000004
5000,0.8,20,706385.6860249605,0.025187999999999964
10000,0.8,20,706317.5102637275,0.08574799999999998
15000,0.8,20,706297.950066221,0.11411066666666664
20000,0.8,20,706291.7421364882,0.12660199999999996
25000,0.8,20,706291.9499008524,0.13529039999999998
30000,0.8,20,706295.9688885154,0.142258
35000,0.8,20,706302.7524532723,0.14778399999999997
40000,0.8,20,706311.989641341,0.15283599999999997
45000,0.8,20,706323.334674769,0.15724799999999997
50000,0.8,20,706336.6246296464,0.16011039999999999
1000,0.8,30,707036.6847020704,-0.07006000000000007
5000,0.8,30,706472.8682682683,0.07997199999999993
10000,0.8,30,706405.2278893144,0.13473199999999994
15000,0.8,30,706386.5456283123,0.16650799999999996
20000,0.8,30,706381.5850277921,0.19295499999999996
25000,0.8,30,706382.9298428454,0.20670799999999995
30000,0.8,30,706388.3279141935,0.2160166666666666
35000,0.8,30,706396.8610704276,0.22719257142857138
40000,0.8,30,706407.8713336948,0.23805799999999994
45000,0.8,30,706421.1009180774,0.24771733333333326
50000,0.8,30,706436.3205857066,0.2553035999999999
1000,0.8,40,707137.5319146065,-0.3699800000000002
5000,0.8,40,706574.2893671674,-0.19632400000000017
10000,0.8,40,706507.923452404,-0.08382800000000014
15000,0.8,40,706491.0426159323,-0.038186666666666785
20000,0.8,40,706488.3882965103,-0.00520300000000012
25000,0.8,40,706492.8012648537,0.012201599999999882
30000,0.8,40,706501.9083062113,0.03209333333333322
35000,0.8,40,706514.6453223861,0.049765142857142744
40000,0.8,40,706530.4824840009,0.0645444999999999
45000,0.8,40,706549.0889950002,0.07519377777777768
50000,0.8,40,706570.4133435698,0.08311479999999989
1000,0.8,50,707274.7435149464,-0.3817600000000002
5000,0.8,50,706711.6502848275,-0.22525600000000018
10000,0.8,50,706645.8554376303,-0.09786000000000016
15000,0.8,50,706629.757895979,-0.03726400000000013
20000,0.8,50,706627.7926407929,-0.011588000000000128
25000,0.8,50,706632.7358714711,0.011748799999999882
30000,0.8,50,706642.3513396117,0.02792733333333322
35000,0.8,50,706655.3470586983,0.04275485714285704
40000,0.8,50,706671.270433487,0.0580534999999999
45000,0.8,50,706689.7506159932,0.07762222222222213
50000,0.8,50,706710.4361396078,0.0935955999999999
1000,0.8,60,707413.7962697089,-0.18178000000000022
5000,0.8,60,706850.4374688369,-0.012948000000000178
10000,0.8,60,706784.2102333677,0.09778399999999986
15000,0.8,60,706767.1802564868,0.18106666666666654
20000,0.8,60,706763.7483190137,0.22472599999999993
25000,0.8,60,706766.9578983728,0.2523535999999999
30000,0.8,60,706774.1174227678,0.2722813333333332
35000,0.8,60,706784.3547208911,0.28771714285714284
40000,0.8,60,706797.1089041346,0.2970414999999999
45000,0.8,60,706812.1198933156,0.30477244444444435
50000,0.8,60,706829.2306864884,0.3116595999999999
1000,0.8,70,707531.404972283,-0.5607000000000004
5000,0.8,70,706968.4359386388,-0.0351600000000002
10000,0.8,70,706902.3572806545,0.13753199999999985
15000,0.8,70,706885.15089518,0.21033066666666655
20000,0.8,70,706881.4701859584,0.2488429999999999
25000,0.8,70,706884.2367225029,0.2743431999999999
30000,0.8,70,706891.1212178718,0.2906386666666666
35000,0.8,70,706901.168197921,0.3035497142857142
40000,0.8,70,706913.6189117584,0.3127039999999999
45000,0.8,70,706928.4795168488,0.3189395555555555
50000,0.8,70,706945.3831313591,0.3257139999999999
1000,0.8,80,707647.5290842748,-0.5171600000000003
5000,0.8,80,707084.4725043938,-0.05439200000000021
10000,0.8,80,707018.573643931,0.12742799999999985
15000,0.8,80,707001.7862169425,0.19918266666666654
20000,0.8,80,706998.5924458569,0.23523799999999992
25000,0.8,80,707001.9629330337,0.2568055999999999
30000,0.8,80,707009.6421717219,0.2751273333333333
35000,0.8,80,707020.3901661255,0.2886005714285713
40000,0.8,80,707033.7086746286,0.3006874999999999
45000,0.8,80,707049.1869698245,0.3103213333333332
50000,0.8,80,707067.3299379961,0.3163595999999999
1000,0.8,90,707770.1965191874,-0.6384400000000003
5000,0.8,90,707207.2999320782,-0.06635200000000027
10000,0.8,90,707141.7133453803,0.10119399999999983
15000,0.8,90,707125.4945746966,0.1624066666666665
20000,0.8,90,707123.171247782,0.20844199999999988
25000,0.8,90,707127.4529595065,0.2379935999999999
30000,0.8,90,707135.8053704526,0.25457266666666656
35000,0.8,90,707147.3440926435,0.26708685714285707
40000,0.8,90,707161.6537976622,0.2793159999999999
45000,0.8,90,707178.4212709141,0.2894124444444444
50000,0.8,90,707197.2569788876,0.29799799999999993
1000,0.8,100,707900.4764483777,-0.9154200000000007
5000,0.8,100,707338.6100345595,-0.47391600000000045
10000,0.8,100,707275.7228368047,-0.2263600000000003
15000,0.8,100,707263.2047780484,-0.08458133333333359
20000,0.8,100,707264.8059963776,0.02155299999999979
25000,0.8,100,707272.9832721959,0.08991599999999984
30000,0.8,100,707285.1234134026,0.13711599999999988
35000,0.8,100,707300.2513277559,0.17095485714285702
40000,0.8,100,707318.0376047489,0.19621599999999986
45000,0.8,100,707338.1592892137,0.21476133333333322
50000,0.8,100,707360.3083551758,0.22967479999999993
1000,0.85,10,708063.1630515449,-0.04443999999999998
5000,0.85,10,707497.9225846949,-0.02899599999999998
10000,0.85,10,707428.7758118162,-0.020105999999999975
15000,0.85,10,707407.8474467898,-0.01397733333333331
20000,0.85,10,707399.7321067608,-0.006643999999999977
25000,0.85,10,707397.386219451,-0.002443999999999978
30000,0.85,10,707398.4324882227,0.0018073333333333541
35000,0.85,10,707401.8844787814,0.0032680000000000218
40000,0.85,10,707407.2343855122,0.0052695000000000216
45000,0.85,10,707414.2006583599,0.007115555555555577
50000,0.85,10,707422.5676960858,0.008044400000000023
1000,0.85,20,708121.2098685836,-0.11716000000000003
5000,0.85,20,707556.3073557309,-0.022416000000000037
10000,0.85,20,707487.9986570362,0.03416999999999997
15000,0.85,20,707468.2644153356,0.08691599999999997
20000,0.85,20,707461.6652126955,0.10910499999999997
25000,0.85,20,707461.1108142326,0.123164
30000,0.85,20,707464.3012426136,0.13319399999999998
35000,0.85,20,707470.2096555501,0.13939028571428572
40000,0.85,20,707478.3589525182,0.1473995
45000,0.85,20,707488.3742625152,0.15222577777777777
50000,0.85,20,707500.2544395925,0.15772359999999996
1000,0.85,30,708200.7387563724,-0.06720000000000008
5000,0.85,30,707636.0432729209,0.10371999999999994
10000,0.85,30,707568.2499897765,0.16981399999999994
15000,0.85,30,707549.3861081849,0.20169999999999993
20000,0.85,30,707544.1035846607,0.2310329999999999
25000,0.85,30,707545.2919431027,0.24999439999999995
30000,0.85,30,707550.5464540002,0.2627493333333333
35000,0.85,30,707558.6268014109,0.2736022857142857
40000,0.85,30,707569.239603266,0.28158399999999995
45000,0.85,30,707582.0759676812,0.28631733333333326
50000,0.85,30,707596.9160888884,0.29149679999999994
1000,0.85,40,708298.9687796802,-0.3336200000000002
5000,0.85,40,707734.7229263386,-0.23967600000000017
10000,0.85,40,707668.380835607,-0.16561400000000015
15000,0.85,40,707651.8603301872,-0.08916933333333346
20000,0.85,40,707649.5126763716,-0.04350600000000012
25000,0.85,40,707654.1769683129,-0.014092800000000119
30000,0.85,40,707663.3199004069,0.012423999999999883
35000,0.85,40,707676.0820187536,0.03148399999999989
40000,0.85,40,707691.7463024587,0.04675799999999989
45000,0.85,40,707710.1099294936,0.05839555555555546
50000,0.85,40,707731.0739714102,0.0678355999999999
1000,0.85,50,708435.8090344999,-0.03984000000000013
5000,0.85,50,707871.2753431115,0.01729599999999986
10000,0.85,50,707804.5057251994,0.09112399999999989
15000,0.85,50,707787.063688862,0.14877466666666656
20000,0.85,50,707783.358559116,0.1987309999999999
25000,0.85,50,707786.1113617475,0.2309703999999999
30000,0.85,50,707792.9567732586,0.2507146666666666
35000,0.85,50,707802.9391738339,0.2690817142857142
40000,0.85,50,707815.4725230096,0.2821784999999999
45000,0.85,50,707830.1972614034,0.29128533333333323
50000,0.85,50,707847.247256393,0.2992427999999999
1000,0.85,60,708550.373222136,-0.2944200000000003
5000,0.85,60,707986.3939355506,-0.1664800000000002
10000,0.85,60,707920.9561021815,-0.0968140000000002
15000,0.85,60,707905.6618857688,-0.020398666666666843
20000,0.85,60,707904.5035524283,0.03987399999999984
25000,0.85,60,707910.1350462148,0.09645839999999986
30000,0.85,60,707919.6836918741,0.1398153333333332
35000,0.85,60,707932.1959499117,0.16854799999999986
40000,0.85,60,707946.8947813292,0.19142149999999988
45000,0.85,60,707963.7916359591,0.21024666666666655
50000,0.85,60,707982.5962000804,0.22290359999999992
1000,0.85,70,708685.588271234,-0.2142800000000003
5000,0.85,70,708121.2699646263,-0.01930400000000019
10000,0.85,70,708055.1008427435,0.08389199999999984
15000,0.85,70,708038.2920556803,0.15643199999999988
20000,0.85,70,708034.8978767312,0.1918409999999999
25000,0.85,70,708038.0405297192,0.2154287999999999
30000,0.85,70,708045.312196936,0.23466933333333323
35000,0.85,70,708055.7604531061,0.24897142857142845
40000,0.85,70,708068.7876887398,0.25795149999999994
45000,0.85,70,708084.159522908,0.26510044444444436
50000,0.85,70,708101.553597247,0.2725371999999999
1000,0.85,80,708804.9217130586,-0.0504000000000002
5000,0.85,80,708240.1943027896,0.20915999999999985
10000,0.85,80,708173.08658047,0.2719059999999999
15000,0.85,80,708155.0574067215,0.2954159999999999
20000,0.85,80,708150.6355969739,0.3090589999999999
25000,0.85,80,708152.8730564847,0.31593839999999995
30000,0.85,80,708159.4024442886,0.3249066666666666
35000,0.85,80,708169.2577518774,0.33262228571428565
40000,0.85,80,708181.4083962622,0.33630599999999994
45000,0.85,80,708195.7571957492,0.34168533333333323
50000,0.85,80,708212.2283346944,0.3458019999999999
1000,0.85,90,708915.7480921958,-0.45788000000000034
5000,0.85,90,708351.5419979702,0.03137599999999979
10000,0.85,90,708285.0496589621,0.18161199999999986
15000,0.85,90,708267.7010331448,0.24031733333333322
20000,0.85,90,708263.9647705236,0.2673479999999999
25000,0.85,90,708266.7154820361,0.2851023999999999
30000,0.85,90,708273.5423535857,0.2961406666666666
35000,0.85,90,708283.4355302701,0.30504857142857134
40000,0.85,90,708296.0108467017,0.31178549999999994
45000,0.85,90,708311.022831444,0.31801466666666656
50000,0.85,90,708328.1376125104,0.3236079999999999
1000,0.85,100,709032.1383459833,-0.8139200000000006
5000,0.85,100,708468.7827917566,-0.1299080000000003
10000,0.85,100,708403.5621218396,0.06798399999999978
15000,0.85,100,708387.7348104988,0.14020533333333315
20000,0.85,100,708385.8028233856,0.18636799999999984
25000,0.85,100,708390.8365534882,0.21153039999999987
30000,0.85,100,708400.2503943004,0.23140666666666654
35000,0.85,100,708413.0009103506,0.24356914285714276
40000,0.85,100,708428.5934586595,0.2505884999999999
45000,0.85,100,708446.7416145407,0.25457555555555544
50000,0.85,100,708467.2301086325,0.25784079999999987
1000,0.9,10,709171.7595072833,-0.06053999999999997
5000,0.9,10,708605.649549497,-0.03739199999999999
10000,0.9,10,708536.4257094004,-0.023239999999999976
15000,0.9,10,708515.4593767043,-0.014599999999999978
20000,0.9,10,708507.3316137798,-0.0059749999999999795
25000,0.9,10,708504.9594623068,-0.002470399999999978
30000,0.9,10,708505.9997866586,0.001752666666666687
35000,0.9,10,708509.4016385279,0.004988571428571451
40000,0.9,10,708514.7187963936,0.006209500000000021
45000,0.9,10,708521.7110083342,0.007240444444444466
50000,0.9,10,708530.0660209343,0.008859600000000021
1000,0.9,20,709229.8170177892,-0.19464000000000004
5000,0.9,20,708664.0963321968,-0.04722000000000005
10000,0.9,20,708595.7599960042,0.03357199999999996
15000,0.9,20,708576.0905679524,0.07069333333333329
20000,0.9,20,708569.640419384,0.09486199999999996
25000,0.9,20,708569.3676586775,0.11129119999999997
30000,0.9,20,708572.914191557,0.12527199999999997
35000,0.9,20,708579.2071582322,0.13645085714285712
40000,0.9,20,708587.7643456789,0.147114
45000,0.9,20,708598.2225346527,0.15386177777777776
50000,0.9,20,708610.5016340468,0.1615776
1000,0.9,30,709312.2330090055,-0.08954000000000008
5000,0.9,30,708746.6729175083,0.07169999999999994
10000,0.9,30,708678.9140273603,0.19267199999999993
15000,0.9,30,708660.0837662291,0.23665199999999992
20000,0.9,30,708654.7609447634,0.25500599999999995
25000,0.9,30,708655.9009215711,0.2664871999999999
30000,0.9,30,708661.0403618702,0.2748439999999999
35000,0.9,30,708669.1384818248,0.2818777142857143
40000,0.9,30,708679.7940940047,0.28617
45000,0.9,30,708692.4694623989,0.28836266666666666
50000,0.9,30,708707.0503020548,0.2917024
1000,0.9,40,709409.9189170193,-0.27936000000000016
5000,0.9,40,708844.8341479134,-0.20054400000000017
10000,0.9,40,708778.253271943,-0.029800000000000135
15000,0.9,40,708760.9779063531,0.06272933333333323
20000,0.9,40,708757.426899504,0.11711499999999991
25000,0.9,40,708760.3893247215,0.1527031999999999
30000,0.9,40,708767.6024091089,0.17614266666666656
35000,0.9,40,708777.8677926494,0.2010079999999999
40000,0.9,40,708790.6142178392,0.21840049999999991
45000,0.9,40,708805.9885487044,0.2339924444444444
50000,0.9,40,708823.2201247879,0.24614159999999996
1000,0.9,50,709527.0341061513,-0.16386000000000012
5000,0.9,50,708961.5549430423,0.13524799999999992
10000,0.9,50,708893.9262875697,0.2338439999999999
15000,0.9,50,708875.2752663522,0.26662666666666657
20000,0.9,50,708870.2376704138,0.2805919999999999
25000,0.9,50,708871.7510793392,0.2932847999999999
30000,0.9,50,708877.3555029784,0.3014586666666666
35000,0.9,50,708886.1517008817,0.30749714285714275
40000,0.9,50,708897.431773158,0.3111769999999999
45000,0.9,50,708910.9065760233,0.31494844444444436
50000,0.9,50,708926.4468868759,0.31714599999999993
1000,0.9,60,709630.2502338875,-0.34134000000000025
5000,0.9,60,709065.3552163354,-0.1287560000000002
10000,0.9,60,708999.4478837682,0.002637999999999823
15000,0.9,60,708983.414005474,0.0932733333333332
20000,0.9,60,708981.1286138895,0.15006899999999987
25000,0.9,60,708985.4967268327,0.1868623999999999
30000,0.9,60,708994.0857575005,0.2150906666666666
35000,0.9,60,709005.7420138388,0.23420342857142848
40000,0.9,60,709020.4696669239,0.2465964999999999
45000,0.9,60,709037.3521814159,0.2557053333333333
50000,0.9,60,709056.3499750791,0.26326479999999997
1000,0.9,70,709760.8596671498,-0.10580000000000023
5000,0.9,70,709195.3954493682,0.1528199999999999
10000,0.9,70,709127.9837882576,0.21557199999999993
15000,0.9,70,709109.8506550532,0.25072933333333325
20000,0.9,70,709105.1463742288,0.272186
25000,0.9,70,709107.3635705761,0.28602239999999995
30000,0.9,70,709113.4495201815,0.29493133333333327
35000,0.9,70,709122.0742268426,0.3001451428571428
40000,0.9,70,709133.1570685641,0.305648
45000,0.9,70,709146.3010945497,0.3085502222222222
50000,0.9,70,709161.4155196968,0.31204360000000003
1000,0.9,80,709865.1116390022,-0.49786000000000047
5000,0.9,80,709300.5327306852,-0.03978400000000022
10000,0.9,80,709234.6103852364,0.14056599999999986
15000,0.9,80,709217.8355844936,0.20314533333333323
20000,0.9,80,709214.8736859247,0.23573199999999989
25000,0.9,80,709218.7048705722,0.2512215999999999
30000,0.9,80,709226.6137920105,0.26157799999999987
35000,0.9,80,709237.5620935956,0.2701708571428571
40000,0.9,80,709251.2732441276,0.2754169999999999
45000,0.9,80,709267.3791257261,0.28052755555555553
50000,0.9,80,709285.2334423969,0.2844519999999999
1000,0.9,90,709989.636306583,-0.2503600000000003
5000,0.9,90,709424.4550329386,-0.009892000000000211
10000,0.9,90,709358.0983774145,0.1368279999999999
15000,0.9,90,709340.804673344,0.20202399999999993
20000,0.9,90,709336.8766826239,0.2387639999999999
25000,0.9,90,709339.390235491,0.25962079999999993
30000,0.9,90,709345.8182474405,0.2754706666666666
35000,0.9,90,709355.1878713227,0.2866354285714285
40000,0.9,90,709366.9970282993,0.29314899999999994
45000,0.9,90,709380.876320657,0.29945599999999994
50000,0.9,90,709397.1981727976,0.30533759999999993
1000,0.9,100,710101.4073728633,-0.5158400000000005
5000,0.9,100,709537.1382404012,-0.10738800000000029
10000,0.9,100,709472.2643671465,0.09022599999999983
15000,0.9,100,709456.4853298194,0.15979599999999985
20000,0.9,100,709454.5487959652,0.20595899999999986
25000,0.9,100,709459.918639142,0.23644719999999986
30000,0.9,100,709470.2604744843,0.2552253333333332
35000,0.9,100,709482.8802803479,0.26866571428571423
40000,0.9,100,709498.1238066154,0.27961849999999994
45000,0.9,100,709515.7441741341,0.289363111111111
50000,0.9,100,709535.2869105114,0.2963395999999999
1000,0.95,10,710240.0341637742,-0.030139999999999976
5000,0.95,10,709673.0899384156,-0.014231999999999988
10000,0.95,10,709603.8110450429,-0.00045399999999997645
15000,0.95,10,709582.8875448367,0.008588000000000024
20000,0.95,10,709575.3012288024,0.01435500000000002
25000,0.95,10,709573.2159138464,0.017422400000000022
30000,0.95,10,709574.5260387773,0.020594000000000022
35000,0.95,10,709578.275034675,0.020074857142857165
40000,0.95,10,709583.9896481953,0.020144000000000023
45000,0.95,10,709591.7003215085,0.021036000000000023
50000,0.95,10,709600.962203343,0.021428000000000023
1000,0.95,20,710302.1033041256,-0.21038
5000,0.95,20,709735.5958768151,-0.07069200000000005
10000,0.95,20,709667.2492222659,-0.02146800000000003
15000,0.95,20,709647.8175640787,0.007886666666666634
20000,0.95,20,709641.9715702072,0.024596999999999973
25000,0.95,20,709642.724442864,0.040573599999999974
30000,0.95,20,709647.1539617628,0.05803199999999997
35000,0.95,20,709654.3867016083,0.0767085714285714
40000,0.95,20,709664.7720649182,0.09270399999999997
45000,0.95,20,709676.9752558706,0.10547199999999997
50000,0.95,20,709690.7190343791,0.11421079999999999
1000,0.95,30,710394.1052177662,-0.08832000000000008
5000,0.95,30,709827.7978969585,0.04369599999999993
10000,0.95,30,709760.1190171434,0.09676999999999995
15000,0.95,30,709741.5385818135,0.15605866666666662
20000,0.95,30,709736.2895796197,0.18818799999999997
25000,0.95,30,709737.2844543738,0.20908399999999996
30000,0.95,30,709742.1535608207,0.2236773333333333
35000,0.95,30,709749.9968139469,0.232724
40000,0.95,30,709760.2529398636,0.24118699999999998
45000,0.95,30,709772.615012631,0.24840666666666664
50000,0.95,30,709787.1604383972,0.252842
1000,0.95,40,710490.7872407655,-0.24894000000000016
5000,0.95,40,709924.7433300744,-0.03523600000000013
10000,0.95,40,709857.6010365805,0.1068679999999999
15000,0.95,40,709839.5489637408,0.17022266666666658
20000,0.95,40,709834.9124332371,0.2041419999999999
25000,0.95,40,709836.708654352,0.22643119999999992
30000,0.95,40,709842.538612293,0.2407746666666666
35000,0.95,40,709851.3346951392,0.25269142857142857
40000,0.95,40,709863.1674296756,0.26099749999999994
45000,0.95,40,709876.8760270488,0.2664808888888888
50000,0.95,40,709892.5360653909,0.2728671999999999
1000,0.95,50,710597.0106753807,-0.14842000000000014
5000,0.95,50,710030.8328810723,0.052715999999999874
10000,0.95,50,709963.8377903257,0.14545799999999987
15000,0.95,50,709946.2734090787,0.19792266666666655
20000,0.95,50,709942.2327488363,0.22454699999999994
25000,0.95,50,709944.9972509017,0.24237999999999993
30000,0.95,50,709952.1202829338,0.2571046666666666
35000,0.95,50,709962.2502507968,0.26821542857142855
40000,0.95,50,709974.9305070497,0.27417499999999995
45000,0.95,50,709989.485321662,0.27998355555555554
50000,0.95,50,710005.94799586,0.28677759999999997
1000,0.95,60,710710.8738828117,-0.23830000000000023
5000,0.95,60,710144.9689862769,-0.04133600000000017
10000,0.95,60,710078.5130018883,0.11610199999999986
15000,0.95,60,710061.159570331,0.1908826666666666
20000,0.95,60,710057.3829950215,0.22984299999999988
25000,0.95,60,710060.1930573537,0.2542535999999999
30000,0.95,60,710067.3842913738,0.26781333333333324
35000,0.95,60,710078.019084519,0.2802319999999999
40000,0.95,60,710091.4498232192,0.2889949999999999
45000,0.95,60,710107.2551071835,0.2967302222222222
50000,0.95,60,710125.0358302577,0.3027735999999999
1000,0.95,70,710830.698902226,-0.24588000000000027
5000,0.95,70,710264.7498863892,0.049047999999999856
10000,0.95,70,710198.0233843368,0.1672739999999999
15000,0.95,70,710180.3113170812,0.2142279999999999
20000,0.95,70,710176.031631913,0.2353529999999999
25000,0.95,70,710178.1363482096,0.2470047999999999
30000,0.95,70,710184.274387256,0.2577493333333333
35000,0.95,70,710193.2935903413,0.26639885714285705
40000,0.95,70,710204.7425875601,0.2714964999999999
45000,0.95,70,710218.3171109526,0.2771328888888888
50000,0.95,70,710233.7241619467,0.28113959999999993
1000,0.95,80,710938.127408879,-0.048240000000000206
5000,0.95,80,710371.6068679538,0.1572279999999999
10000,0.95,80,710303.9135373716,0.2228299999999999
15000,0.95,80,710285.1324559485,0.2537879999999999
20000,0.95,80,710279.8397275573,0.2736779999999999
25000,0.95,80,710280.8082845075,0.28312239999999994
30000,0.95,80,710285.6123128781,0.29010533333333327
35000,0.95,80,710293.2900608922,0.2951028571428571
40000,0.95,80,710303.3292396212,0.30054899999999996
45000,0.95,80,710315.6677636144,0.3022306666666666
50000,0.95,80,710329.9329679271,0.30466479999999996
1000,0.95,90,711034.4657121487,-0.5612600000000004
5000,0.95,90,710469.1250598078,-0.1775520000000003
10000,0.95,90,710404.0304764222,-0.04012000000000022
15000,0.95,90,710389.0613596216,0.035563999999999804
20000,0.95,90,710388.2304564674,0.09282399999999984
25000,0.95,90,710393.9921697028,0.12935119999999983
30000,0.95,90,710403.7804442098,0.15550199999999986
35000,0.95,90,710416.6181731438,0.17207942857142844
40000,0.95,90,710432.1033485526,0.1885974999999999
45000,0.95,90,710449.6893828098,0.199079111111111
50000,0.95,90,710469.5872722978,0.20940839999999988
1000,0.95,100,711176.0699782969,-0.8310600000000006
5000,0.95,100,710611.1834768392,-0.3157840000000004
10000,0.95,100,710547.093732995,-0.07825000000000029
15000,0.95,100,710532.9872794667,0.022254666666666437
20000,0.95,100,710533.2626060027,0.07370699999999979
25000,0.95,100,710540.7162421151,0.1067783999999998
30000,0.95,100,710553.3980394098,0.1308126666666665
35000,0.95,100,710569.9365502825,0.14818399999999984
40000,0.95,100,710589.7295157603,0.15880099999999983
45000,0.95,100,710613.2860605562,0.16761511111111096
50000,0.95,100,710639.787598276,0.17644799999999985
1000,1.0,10,711349.4390396086,-0.08243999999999997
5000,1.0,10,710781.5982723044,-0.02351999999999998
10000,1.0,10,710712.1877466136,-0.008989999999999977
15000,1.0,10,710691.1645712998,0.0023853333333333534
20000,1.0,10,710683.015384908,0.00893400000000002
25000,1.0,10,710680.5860583436,0.012329600000000019
30000,1.0,10,710681.5207750645,0.013697333333333353
35000,1.0,10,710684.923989086,0.01413142857142859
40000,1.0,10,710690.5646143404,0.01397800000000002
45000,1.0,10,710697.5753136564,0.014661777777777798
50000,1.0,10,710705.8439111117,0.014613600000000017
1000,1.0,20,711407.7120675083,-0.11926000000000003
5000,1.0,20,710840.2067115346,0.018783999999999957
10000,1.0,20,710771.6373952514,0.08239799999999997
15000,1.0,20,710751.8237586843,0.1312693333333333
20000,1.0,20,710745.1136599593,0.15645299999999998
25000,1.0,20,710744.4513514789,0.17349599999999998
30000,1.0,20,710747.6865137368,0.18427866666666665
35000,1.0,20,710753.727853058,0.19094914285714285
40000,1.0,20,710762.096115946,0.198094
45000,1.0,20,710772.3964099094,0.20243999999999998
50000,1.0,20,710784.1655781479,0.20728519999999998
1000,1.0,30,711487.6186268427,-0.1625000000000001
5000,1.0,30,710920.2995143075,-0.0033680000000000632
10000,1.0,30,710852.1699714208,0.07518399999999995
15000,1.0,30,710833.0362434351,0.11709599999999994
20000,1.0,30,710827.4009181403,0.14794199999999996
25000,1.0,30,710827.8943883161,0.1649608
30000,1.0,30,710832.1229636034,0.1798833333333333
35000,1.0,30,710839.10483106,0.19041028571428567
40000,1.0,30,710848.3700712405,0.1971605
45000,1.0,30,710859.8556706666,0.2027502222222222
50000,1.0,30,710872.7679684456,0.20721679999999998
1000,1.0,40,711576.8683035155,-0.36122000000000015
5000,1.0,40,711009.9199733478,-0.14556800000000014
10000,1.0,40,710942.8715238026,-0.07222800000000013
15000,1.0,40,710925.5501933057,-0.044449333333333445
20000,1.0,40,710922.4386202984,-0.002229000000000107
25000,1.0,40,710926.1194368118,0.025319199999999896
30000,1.0,40,710934.3325556372,0.04842266666666657
35000,1.0,40,710946.39522519,0.07297542857142847
40000,1.0,40,710961.348154907,0.0915884999999999
45000,1.0,40,710978.4809965715,0.1099159999999999
50000,1.0,40,710997.6606008948,0.1223963999999999
1000,1.0,50,711704.8726220052,-0.16566000000000017
5000,1.0,50,711137.7825052282,0.026183999999999874
10000,1.0,50,711070.4130989471,0.1583119999999999
15000,1.0,50,711051.9895931015,0.2055506666666666
20000,1.0,50,711046.9425769328,0.23240299999999992
25000,1.0,50,711048.2525841049,0.25127759999999993
30000,1.0,50,711053.5286694389,0.26378333333333326
35000,1.0,50,711061.7193749541,0.2721222857142857
40000,1.0,50,711072.1830934418,0.2778945
45000,1.0,50,711084.817620562,0.28184622222222216
50000,1.0,50,711099.4527387434,0.2881564
1000,1.0,60,711804.578616542,-0.38522000000000023
5000,1.0,60,711237.6185225737,-0.21404800000000013
10000,1.0,60,711170.934010975,-0.12912600000000016
15000,1.0,60,711154.2358201222,-0.08989466666666682
20000,1.0,60,711152.2711444452,-0.06892600000000015
25000,1.0,60,711157.7532672469,-0.04304000000000015
30000,1.0,60,711168.0812921568,-0.01849933333333347
35000,1.0,60,711181.7858328071,0.00410799999999987
40000,1.0,60,711198.8182956688,0.029835499999999876
45000,1.0,60,711218.0503654877,0.05022488888888876
50000,1.0,60,711239.8675077447,0.06335799999999989
1000,1.0,70,711948.5854772631,-0.27140000000000025
5000,1.0,70,711381.7354202,0.01171999999999981
10000,1.0,70,711315.1438643514,0.08262599999999987
15000,1.0,70,711298.3950311173,0.13217599999999988
20000,1.0,70,711295.8608559327,0.16365399999999988
25000,1.0,70,711300.4269566528,0.1809623999999999
30000,1.0,70,711309.3323637734,0.19531466666666655
35000,1.0,70,711321.3593380778,0.20680742857142848
40000,1.0,70,711336.1755041989,0.21660299999999993
45000,1.0,70,711353.4976840204,0.22475199999999995
50000,1.0,70,711373.1788187309,0.23131039999999997
1000,1.0,80,712080.8920957554,-0.2978400000000003
5000,1.0,80,711514.0099373299,-0.03185600000000019
10000,1.0,80,711447.4461156544,0.08125599999999986
15000,1.0,80,711430.3539362473,0.13122266666666652
20000,1.0,80,711427.0412372738,0.1642709999999999
25000,1.0,80,711430.3113077037,0.18373119999999996
30000,1.0,80,711437.8358020724,0.19784999999999994
35000,1.0,80,711448.7159063038,0.20774571428571423
40000,1.0,80,711462.4604253273,0.21781449999999997
45000,1.0,80,711478.6331109925,0.22683644444444434
50000,1.0,80,711496.4513120783,0.23454799999999995
1000,1.0,90,712203.167205373,-0.4542600000000003
5000,1.0,90,711636.0540192047,-0.029900000000000183
10000,1.0,90,711569.2627429232,0.10523799999999987
15000,1.0,90,711551.6319479065,0.15702933333333322
20000,1.0,90,711547.5924808448,0.1843639999999999
25000,1.0,90,711550.2364668185,0.20812559999999994
30000,1.0,90,711556.8985721376,0.22427799999999995
35000,1.0,90,711566.6908375609,0.23726114285714278
40000,1.0,90,711579.0949363306,0.24726749999999992
45000,1.0,90,711593.759149405,0.2561279999999999
50000,1.0,90,711610.757167268,0.26405959999999995
1000,1.0,100,712317.3315303288,-0.5479000000000002
5000,1.0,100,711750.0938261388,-0.22709600000000024
10000,1.0,100,711684.3618224614,-0.05446000000000018
15000,1.0,100,711668.6455868926,0.037454666666666525
20000,1.0,100,711666.7186292274,0.09174599999999986
25000,1.0,100,711671.8888421643,0.12551519999999988
30000,1.0,100,711681.4893439648,0.1532093333333332
35000,1.0,100,711694.9352378178,0.1746937142857142
40000,1.0,100,711710.9298965555,0.1929414999999999
45000,1.0,100,711729.0049000346,0.20629866666666655
50000,1.0,100,711749.6087551062,0.21710039999999994
