Episode,Gamma,Tolerances,Initial Policy,Average time,Average reward
100,0.55,0.1,0,0.6963644463099999,0.43779999999999986
500,0.55,0.1,0,0.9658759368399987,0.5609599999999998
1000,0.55,0.1,0,1.6485421893279997,0.5639399999999998
5000,0.55,0.1,0,4.340783029713794,0.5708079999999998
10000,0.55,0.1,0,11.08088504613994,0.5717459999999999
100,0.55,0.1,1,15.813826337200004,0.4465999999999998
500,0.55,0.1,1,15.964318996364,0.5609599999999998
1000,0.55,0.1,1,16.629124377098,0.5639399999999998
5000,0.55,0.1,1,19.369664296915953,0.5708079999999998
10000,0.55,0.1,1,26.468641106979817,0.5717459999999999
100,0.55,0.1,2,31.42435535587999,0.4127999999999998
500,0.55,0.1,2,31.457247753337988,0.5609599999999998
1000,0.55,0.1,2,32.12282539861297,0.5639399999999998
5000,0.55,0.1,2,34.85561807775785,0.5708079999999998
10000,0.55,0.1,2,41.67910575826126,0.5717459999999999
100,0.55,0.1,3,46.713622439679995,0.48779999999999984
500,0.55,0.1,3,46.61741640449401,0.5609599999999998
1000,0.55,0.1,3,47.25249995013597,0.5639399999999998
5000,0.55,0.1,3,49.93286158471231,0.5708079999999998
10000,0.55,0.1,3,56.70688699209999,0.5717459999999999
100,0.55,0.1,4,61.873489414659986,0.3947999999999998
500,0.55,0.1,4,61.656685796759994,0.5609599999999998
1000,0.55,0.1,4,62.275255579433,0.5639399999999998
5000,0.55,0.1,4,64.94282025791264,0.5708079999999998
10000,0.55,0.1,4,71.72848653477827,0.5717459999999999
100,0.55,0.05,0,77.06082877802005,0.5775999999999999
500,0.55,0.05,0,76.72717858799001,0.5719999999999998
1000,0.55,0.05,0,77.33433762239598,0.5693799999999999
5000,0.55,0.05,0,79.98676496520913,0.5719119999999999
10000,0.55,0.05,0,86.76936018002364,0.5723459999999999
100,0.55,0.05,1,92.25027174137,0.5775999999999999
500,0.55,0.05,1,91.79369331858999,0.5719999999999998
1000,0.55,0.05,1,92.38259746125806,0.5693799999999999
5000,0.55,0.05,1,95.03345572978915,0.5719119999999999
10000,0.55,0.05,1,101.82934047404221,0.5723459999999999
100,0.55,0.05,2,107.46982032298,0.5775999999999999
500,0.55,0.05,2,106.89308529032205,0.5719999999999998
1000,0.55,0.05,2,107.46961508635887,0.5693799999999999
5000,0.55,0.05,2,110.11160621409402,0.5719119999999999
10000,0.55,0.05,2,116.91704157657044,0.5723459999999999
100,0.55,0.05,3,122.71407168797998,0.5775999999999999
500,0.55,0.05,3,122.01735035240016,0.5719999999999998
1000,0.55,0.05,3,122.5791141582461,0.5693799999999999
5000,0.55,0.05,3,125.21576151208784,0.5719119999999999
10000,0.55,0.05,3,132.03389793387382,0.5723459999999999
100,0.55,0.05,4,137.98803809132,0.5775999999999999
500,0.55,0.05,4,137.17010686407588,0.5719999999999998
1000,0.55,0.05,4,137.72156325484823,0.5693799999999999
5000,0.55,0.05,4,140.35118354239452,0.5719119999999999
10000,0.55,0.05,4,147.17498250439317,0.5723459999999999
100,0.55,0.01,0,153.28101664213003,0.5775999999999999
500,0.55,0.01,0,152.34322140243202,0.5719999999999998
1000,0.55,0.01,0,152.87775004687109,0.5693799999999999
5000,0.55,0.01,0,155.49633637408792,0.5719119999999999
10000,0.55,0.01,0,162.32477463002698,0.5723459999999999
100,0.55,0.01,1,168.58525175382007,0.5775999999999999
500,0.55,0.01,1,167.525892944576,0.5719999999999998
1000,0.55,0.01,1,168.04522341875614,0.5693799999999999
5000,0.55,0.01,1,170.65812741774647,0.5719119999999999
10000,0.55,0.01,1,177.48645040944655,0.5723459999999999
100,0.55,0.01,2,183.89441243423988,0.5775999999999999
500,0.55,0.01,2,182.7143624199924,0.5719999999999998
1000,0.55,0.01,2,183.21975271424398,0.5693799999999999
5000,0.55,0.01,2,185.81516826498955,0.5719119999999999
10000,0.55,0.01,2,192.65018972950395,0.5723459999999999
100,0.55,0.01,3,199.21732345677,0.5775999999999999
500,0.55,0.01,3,197.91479276723803,0.5719999999999998
1000,0.55,0.01,3,198.40360677979493,0.5693799999999999
5000,0.55,0.01,3,200.97463550196161,0.5719119999999999
10000,0.55,0.01,3,207.78051661995715,0.5723459999999999
100,0.55,0.01,4,214.47881029921996,0.5775999999999999
500,0.55,0.01,4,213.0556663582981,0.5719999999999998
1000,0.55,0.01,4,213.52976051007587,0.5693799999999999
5000,0.55,0.01,4,216.09764553493144,0.5719119999999999
10000,0.55,0.01,4,222.89672442633199,0.5723459999999999
100,0.55,0.005,0,229.73731089260008,0.5775999999999999
500,0.55,0.005,0,228.19320110684194,0.5719999999999998
1000,0.55,0.005,0,228.65294210892046,0.5693799999999999
5000,0.55,0.005,0,231.2118853142417,0.5719119999999999
10000,0.55,0.005,0,238.04308157368885,0.5723459999999999
100,0.55,0.005,1,245.05371643587998,0.5775999999999999
500,0.55,0.005,1,243.38933243225586,0.5719999999999998
1000,0.55,0.005,1,243.83462258504883,0.5693799999999999
5000,0.55,0.005,1,246.382020047693,0.5719119999999999
10000,0.55,0.005,1,253.20269556610006,0.5723459999999999
100,0.55,0.005,2,260.36531800509,0.5775999999999999
500,0.55,0.005,2,258.57931089582985,0.5719999999999998
1000,0.55,0.005,2,259.0075384492558,0.5693799999999999
5000,0.55,0.005,2,261.5446258576972,0.5719119999999999
10000,0.55,0.005,2,268.36834770346275,0.5723459999999999
100,0.55,0.005,3,275.6879000005099,0.5775999999999999
500,0.55,0.005,3,273.7888197404078,0.5719999999999998
1000,0.55,0.005,3,274.20901249317325,0.5693799999999999
5000,0.55,0.005,3,276.7472327443237,0.5719119999999999
10000,0.55,0.005,3,283.6011362901146,0.5723459999999999
100,0.55,0.005,4,291.0833729396301,0.5775999999999999
500,0.55,0.005,4,289.0543979286722,0.5719999999999998
1000,0.55,0.005,4,289.45561084904057,0.5693799999999999
5000,0.55,0.005,4,291.97870091169585,0.5719119999999999
10000,0.55,0.005,4,298.8261530473311,0.5723459999999999
100,0.55,0.001,0,306.46202867965,0.5775999999999999
500,0.55,0.001,0,304.31234491000214,0.5719999999999998
1000,0.55,0.001,0,304.69997598662724,0.5693799999999999
5000,0.55,0.001,0,307.21074400508667,0.5719119999999999
10000,0.55,0.001,0,314.05649722151225,0.5723459999999999
100,0.55,0.001,1,321.83949689051,0.5775999999999999
500,0.55,0.001,1,319.5673571681039,0.5719999999999998
1000,0.55,0.001,1,319.9387018454353,0.5693799999999999
5000,0.55,0.001,1,322.43432632571773,0.5719119999999999
10000,0.55,0.001,1,329.25484027713696,0.5723459999999999
100,0.55,0.001,2,337.17230224340005,0.5775999999999999
500,0.55,0.001,2,334.7785951016402,0.5719999999999998
1000,0.55,0.001,2,335.1344868035089,0.5693799999999999
5000,0.55,0.001,2,337.61590350263094,0.5719119999999999
10000,0.55,0.001,2,344.4527814178031,0.5723459999999999
100,0.55,0.001,3,352.55882497959993,0.5775999999999999
500,0.55,0.001,3,350.0460856304458,0.5719999999999998
1000,0.55,0.001,3,350.38832387294525,0.5693799999999999
5000,0.55,0.001,3,352.86089048279615,0.5719119999999999
10000,0.55,0.001,3,359.71414527960843,0.5723459999999999
100,0.55,0.001,4,367.94304149013,0.5775999999999999
500,0.55,0.001,4,365.30590973284,0.5719999999999998
1000,0.55,0.001,4,365.6313571715493,0.5693799999999999
5000,0.55,0.001,4,368.0888356206354,0.5719119999999999
10000,0.55,0.001,4,374.91371145148827,0.5723459999999999
100,0.6,0.1,0,383.28944474218997,0.5817999999999999
500,0.6,0.1,0,380.52823373323577,0.5707199999999999
1000,0.6,0.1,0,380.8352357607581,0.57334
5000,0.6,0.1,0,383.26529177805065,0.5745839999999999
10000,0.6,0.1,0,390.03837974840275,0.5746919999999999
100,0.6,0.1,1,398.5548111421901,0.5817999999999999
500,0.6,0.1,1,395.67391528348986,0.5707199999999999
1000,0.6,0.1,1,395.96853135564953,0.57334
5000,0.6,0.1,1,398.40874382379565,0.5745839999999999
10000,0.6,0.1,1,405.25554536900364,0.5746919999999999
100,0.6,0.1,2,413.9427931134199,0.5817999999999999
500,0.6,0.1,2,410.94009124274214,0.5707199999999999
1000,0.6,0.1,2,411.2167897066218,0.57334
5000,0.6,0.1,2,413.609629108095,0.5745839999999999
10000,0.6,0.1,2,420.36431122379014,0.5746919999999999
100,0.6,0.1,3,429.14796597967984,0.5817999999999999
500,0.6,0.1,3,426.0219993740695,0.5707199999999999
1000,0.6,0.1,3,426.27848980990603,0.57334
5000,0.6,0.1,3,428.6702090307849,0.5745839999999999
10000,0.6,0.1,3,435.50574470021616,0.5746919999999999
100,0.6,0.1,4,444.48966030464993,0.5817999999999999
500,0.6,0.1,4,441.24440951017795,0.5707199999999999
1000,0.6,0.1,4,441.49204002749696,0.57334
5000,0.6,0.1,4,443.89034241848344,0.5745839999999999
10000,0.6,0.1,4,450.7202076953344,0.5746919999999999
100,0.6,0.05,0,459.86606164091995,0.5775999999999999
500,0.6,0.05,0,456.50015700449813,0.5707199999999999
1000,0.6,0.05,0,456.7336907095799,0.57334
5000,0.6,0.05,0,459.11947803556023,0.5745839999999999
10000,0.6,0.05,0,465.93139805378763,0.5746919999999999
100,0.6,0.05,1,475.20316156385013,0.5775999999999999
500,0.6,0.05,1,471.71438720692043,0.5707199999999999
1000,0.6,0.05,1,471.93193868856974,0.57334
5000,0.6,0.05,1,474.3006954679493,0.5745839999999999
10000,0.6,0.05,1,481.12865012472,0.5746919999999999
100,0.6,0.05,2,490.5683915084103,0.5775999999999999
500,0.6,0.05,2,486.95921789342225,0.5707199999999999
1000,0.6,0.05,2,487.16152845396323,0.57334
5000,0.6,0.05,2,489.5212425688141,0.5745839999999999
10000,0.6,0.05,2,496.39456759719866,0.5746919999999999
100,0.6,0.05,3,506.01979800298,0.5775999999999999
500,0.6,0.05,3,502.28786882889165,0.5707199999999999
1000,0.6,0.05,3,502.4764163182494,0.57334
5000,0.6,0.05,3,504.8632773820188,0.5745839999999999
10000,0.6,0.05,3,511.7127084497918,0.5746919999999999
100,0.6,0.05,4,521.4655625409298,0.5775999999999999
500,0.6,0.05,4,517.6120087194121,0.5707199999999999
1000,0.6,0.05,4,517.7852146869193,0.57334
5000,0.6,0.05,4,520.1246337891322,0.5745839999999999
10000,0.6,0.05,4,526.9441408338157,0.5746919999999999
100,0.6,0.01,0,536.8286976709301,0.5855999999999998
500,0.6,0.01,0,532.8526422233439,0.5724399999999998
1000,0.6,0.01,0,533.0111467254999,0.5744799999999998
5000,0.6,0.01,0,535.3361966588188,0.5747359999999999
10000,0.6,0.01,0,542.1032720634499,0.5747679999999998
100,0.6,0.01,1,552.11846482759,0.5855999999999998
500,0.6,0.01,1,548.0208043778421,0.5724399999999998
1000,0.6,0.01,1,548.1630260934139,0.5744799999999998
5000,0.6,0.01,1,550.4751571575963,0.5747359999999999
10000,0.6,0.01,1,557.2768981285237,0.5747679999999998
100,0.6,0.01,2,567.45051259629,0.5855999999999998
500,0.6,0.01,2,563.2313103925837,0.5724399999999998
1000,0.6,0.01,2,563.3556820331168,0.5744799999999998
5000,0.6,0.01,2,565.6499293618033,0.5747359999999999
10000,0.6,0.01,2,572.4491496704376,0.5747679999999998
100,0.6,0.01,3,582.79144090428,0.5855999999999998
500,0.6,0.01,3,578.4506646394142,0.5724399999999998
1000,0.6,0.01,3,578.5609632646407,0.5744799999999998
5000,0.6,0.01,3,580.844305008412,0.5747359999999999
10000,0.6,0.01,3,587.6497384938967,0.5747679999999998
100,0.6,0.01,4,598.13723582345,0.5855999999999998
500,0.6,0.01,4,593.6758283649183,0.5724399999999998
1000,0.6,0.01,4,593.7730695574669,0.5744799999999998
5000,0.6,0.01,4,596.048466362092,0.5747359999999999
10000,0.6,0.01,4,602.8527487112425,0.5747679999999998
100,0.6,0.005,0,613.4878505325996,0.5855999999999998
500,0.6,0.005,0,608.9042251838264,0.5724399999999998
1000,0.6,0.005,0,608.9848143905535,0.5744799999999998
5000,0.6,0.005,0,611.2502030398947,0.5747359999999999
10000,0.6,0.005,0,618.058356926797,0.5747679999999998
100,0.6,0.005,1,628.8490500913199,0.5855999999999998
500,0.6,0.005,1,624.143416602826,0.5724399999999998
1000,0.6,0.005,1,624.2089595080694,0.5744799999999998
5000,0.6,0.005,1,626.4638672918991,0.5747359999999999
10000,0.6,0.005,1,633.2651935891398,0.5747679999999998
100,0.6,0.005,2,644.2009100718,0.5855999999999998
500,0.6,0.005,2,639.3741768666646,0.5724399999999998
1000,0.6,0.005,2,639.4266731529952,0.5744799999999998
5000,0.6,0.005,2,641.6772108932674,0.5747359999999999
10000,0.6,0.005,2,648.566088049749,0.5747679999999998
100,0.6,0.005,3,659.6777649026096,0.5855999999999998
500,0.6,0.005,3,654.7291995799844,0.5724399999999998
1000,0.6,0.005,3,654.7659657139579,0.5744799999999998
5000,0.6,0.005,3,656.9890387752507,0.5747359999999999
10000,0.6,0.005,3,663.7706577625243,0.5747679999999998
100,0.6,0.005,4,674.9737596487702,0.5855999999999998
500,0.6,0.005,4,669.9017376365763,0.5724399999999998
1000,0.6,0.005,4,669.9166088184992,0.5744799999999998
5000,0.6,0.005,4,672.1082519904186,0.5747359999999999
10000,0.6,0.005,4,678.8411063288385,0.5747679999999998
100,0.6,0.001,0,690.1782975971702,0.5855999999999998
500,0.6,0.001,0,684.9855911933399,0.5724399999999998
1000,0.6,0.001,0,684.9845819271964,0.5744799999999998
5000,0.6,0.001,0,687.1660309085255,0.5747359999999999
10000,0.6,0.001,0,693.922580446456,0.5747679999999998
100,0.6,0.001,1,705.4335292304901,0.5855999999999998
500,0.6,0.001,1,700.1220293788401,0.5724399999999998
1000,0.6,0.001,1,700.1099235370027,0.5744799999999998
5000,0.6,0.001,1,702.2768598795615,0.5747359999999999
10000,0.6,0.001,1,709.0168433678654,0.5747679999999998
100,0.6,0.001,2,720.6664081304602,0.5855999999999998
500,0.6,0.001,2,715.2354829812393,0.5724399999999998
1000,0.6,0.001,2,715.2115050603351,0.5744799999999998
5000,0.6,0.001,2,717.3922112990939,0.5747359999999999
10000,0.6,0.001,2,724.1889452399546,0.5747679999999998
100,0.6,0.001,3,736.0270435463602,0.5855999999999998
500,0.6,0.001,3,730.4739346980805,0.5724399999999998
1000,0.6,0.001,3,730.4324073267942,0.5744799999999998
5000,0.6,0.001,3,732.6000875608029,0.5747359999999999
10000,0.6,0.001,3,739.3962583785203,0.5747679999999998
100,0.6,0.001,4,751.3892315989002,0.5855999999999998
500,0.6,0.001,4,745.7140601657804,0.5724399999999998
1000,0.6,0.001,4,745.658448460372,0.5744799999999998
5000,0.6,0.001,4,747.8184709163243,0.5747359999999999
10000,0.6,0.001,4,754.6054738890313,0.5747679999999998
100,0.65,0.1,0,766.7316508909103,0.5855999999999998
500,0.65,0.1,0,760.9332681332404,0.5831599999999999
1000,0.65,0.1,0,760.8603824287069,0.5831799999999998
5000,0.65,0.1,0,762.9934980039992,0.5837599999999998
10000,0.65,0.1,0,769.7415460156425,0.5839759999999998
100,0.65,0.1,1,781.9869726588502,0.5855999999999998
500,0.65,0.1,1,776.066190621734,0.5831599999999999
1000,0.65,0.1,1,775.9728485735847,0.5831799999999998
5000,0.65,0.1,1,778.0902169255762,0.5837599999999998
10000,0.65,0.1,1,784.8610954096132,0.5839759999999998
100,0.65,0.1,2,797.28656495052,0.5855999999999998
500,0.65,0.1,2,791.2458614969104,0.5831599999999999
1000,0.65,0.1,2,791.1416743962789,0.5831799999999998
5000,0.65,0.1,2,793.2316915986535,0.5837599999999998
10000,0.65,0.1,2,799.9318875393996,0.5839759999999998
100,0.65,0.1,3,812.47292182923,0.5855999999999998
500,0.65,0.1,3,806.3115619291776,0.5831599999999999
1000,0.65,0.1,3,806.1923463600713,0.5831799999999998
5000,0.65,0.1,3,808.2952974579334,0.5837599999999998
10000,0.65,0.1,3,815.0604219284238,0.5839759999999998
100,0.65,0.1,4,827.7907015575697,0.5855999999999998
500,0.65,0.1,4,821.5082485302537,0.5831599999999999
1000,0.65,0.1,4,821.3712891167484,0.5831799999999998
5000,0.65,0.1,4,823.4482656709074,0.5837599999999998
10000,0.65,0.1,4,830.2040457094696,0.5839759999999998
100,0.65,0.05,0,843.0710456721598,0.5977999999999999
500,0.65,0.05,0,836.6673528965954,0.5851199999999999
1000,0.65,0.05,0,836.5169510733787,0.5840199999999999
5000,0.65,0.05,0,838.5855847142874,0.5839399999999999
10000,0.65,0.05,0,845.3469388009341,0.5840879999999998
100,0.65,0.05,1,858.3754249204804,0.5977999999999999
500,0.65,0.05,1,851.8506349739739,0.5851199999999999
1000,0.65,0.05,1,851.687127711961,0.5840199999999999
5000,0.65,0.05,1,853.7480001964686,0.5839399999999999
10000,0.65,0.05,1,860.5116294933933,0.5840879999999998
100,0.65,0.05,2,873.6882151833898,0.5977999999999999
500,0.65,0.05,2,867.0426066166741,0.5851199999999999
1000,0.65,0.05,2,866.8691160962761,0.5840199999999999
5000,0.65,0.05,2,868.9064210250348,0.5839399999999999
10000,0.65,0.05,2,875.6669369495485,0.5840879999999998
100,0.65,0.05,3,888.9918960475801,0.5977999999999999
500,0.65,0.05,3,882.2241242274266,0.5851199999999999
1000,0.65,0.05,3,882.026357804411,0.5840199999999999
5000,0.65,0.05,3,884.0569245190555,0.5839399999999999
10000,0.65,0.05,3,890.8160238211827,0.5840879999999998
100,0.65,0.05,4,904.2923806771101,0.5977999999999999
500,0.65,0.05,4,897.4044300550001,0.5851199999999999
1000,0.65,0.05,4,897.1948097121932,0.5840199999999999
5000,0.65,0.05,4,899.2150007154263,0.5839399999999999
10000,0.65,0.05,4,905.9644826217434,0.5840879999999998
100,0.65,0.01,0,919.59506977509,0.5977999999999999
500,0.65,0.01,0,912.5885003744947,0.5851199999999999
1000,0.65,0.01,0,912.3654063222241,0.5840199999999999
5000,0.65,0.01,0,914.3692513723176,0.5839399999999999
10000,0.65,0.01,0,921.0955675184213,0.5840879999999998
100,0.65,0.01,1,934.8546284825601,0.5977999999999999
500,0.65,0.01,1,927.7261180973229,0.5851199999999999
1000,0.65,0.01,1,927.493001006636,0.5840199999999999
5000,0.65,0.01,1,929.491037148313,0.5839399999999999
10000,0.65,0.01,1,936.2350572121778,0.5840879999999998
100,0.65,0.01,2,950.1607428309699,0.5977999999999999
500,0.65,0.01,2,942.9106229273368,0.5851199999999999
1000,0.65,0.01,2,942.6565000032903,0.5840199999999999
5000,0.65,0.01,2,944.6426225071674,0.5839399999999999
10000,0.65,0.01,2,951.3962642937548,0.5840879999999998
100,0.65,0.01,3,965.4760477346799,0.5977999999999999
500,0.65,0.01,3,958.1038012463276,0.5851199999999999
1000,0.65,0.01,3,957.833950250972,0.5840199999999999
5000,0.65,0.01,3,959.8110263357565,0.5839399999999999
10000,0.65,0.01,3,966.5720842721665,0.5840879999999998
100,0.65,0.01,4,980.804009068,0.5977999999999999
500,0.65,0.01,4,973.3109941651666,0.5851199999999999
1000,0.65,0.01,4,973.0266704338723,0.5840199999999999
5000,0.65,0.01,4,974.9930413169786,0.5839399999999999
10000,0.65,0.01,4,981.7401472963242,0.5840879999999998
100,0.65,0.005,0,996.1210259288296,0.5977999999999999
500,0.65,0.005,0,988.5057076220824,0.5851199999999999
1000,0.65,0.005,0,988.205886016023,0.5840199999999999
5000,0.65,0.005,0,990.1534106730167,0.5839399999999999
10000,0.65,0.005,0,996.8998001617015,0.5840879999999998
100,0.65,0.005,1,1011.4252960113206,0.5977999999999999
500,0.65,0.005,1,1003.68952958276,0.5851199999999999
1000,0.65,0.005,1,1003.3743015087616,0.5840199999999999
5000,0.65,0.005,1,1005.311395389892,0.5839399999999999
10000,0.65,0.005,1,1012.0476607442793,0.5840879999999998
100,0.65,0.005,2,1026.72422439758,0.5977999999999999
500,0.65,0.005,2,1018.8648711889019,0.5851199999999999
1000,0.65,0.005,2,1018.5272272226565,0.5840199999999999
5000,0.65,0.005,2,1020.420521861152,0.5839399999999999
10000,0.65,0.005,2,1027.0888028325662,0.5840879999999998
100,0.65,0.005,3,1041.8932005692398,0.5977999999999999
500,0.65,0.005,3,1033.9163586599034,0.5851199999999999
1000,0.65,0.005,3,1033.5713377464542,0.5840199999999999
5000,0.65,0.005,3,1035.486353603111,0.5839399999999999
10000,0.65,0.005,3,1042.2322009824459,0.5840879999999998
100,0.65,0.005,4,1057.21526767717,0.5977999999999999
500,0.65,0.005,4,1049.115802875412,0.5851199999999999
1000,0.65,0.005,4,1048.754314886998,0.5840199999999999
5000,0.65,0.005,4,1050.652506117771,0.5839399999999999
10000,0.65,0.005,4,1057.382183564554,0.5840879999999998
100,0.65,0.001,0,1072.50567142255,0.5977999999999999
500,0.65,0.001,0,1064.2850271982359,0.5851199999999999
1000,0.65,0.001,0,1063.903192652476,0.5840199999999999
5000,0.65,0.001,0,1065.7654430722139,0.5839399999999999
10000,0.65,0.001,0,1072.4689247089852,0.5840879999999998
100,0.65,0.001,1,1087.74659641628,0.5977999999999999
500,0.65,0.001,1,1079.4068649859098,0.5851199999999999
1000,0.65,0.001,1,1079.016069460514,0.5840199999999999
5000,0.65,0.001,1,1080.8942949593968,0.5839399999999999
10000,0.65,0.001,1,1087.6434269276085,0.5840879999999998
100,0.65,0.001,2,1103.07647650881,0.5977999999999999
500,0.65,0.001,2,1094.6150688466867,0.5851199999999999
1000,0.65,0.001,2,1094.2092369980653,0.5840199999999999
5000,0.65,0.001,2,1096.0771008811946,0.5839399999999999
10000,0.65,0.001,2,1102.8117718886224,0.5840879999999998
100,0.65,0.001,3,1118.37999918673,0.5977999999999999
500,0.65,0.001,3,1109.7975131523347,0.5851199999999999
1000,0.65,0.001,3,1109.3748774243754,0.5840199999999999
5000,0.65,0.001,3,1111.228045764472,0.5839399999999999
10000,0.65,0.001,3,1117.9647285935723,0.5840879999999998
100,0.65,0.001,4,1133.6841666667603,0.5977999999999999
500,0.65,0.001,4,1124.9814443304322,0.5851199999999999
1000,0.65,0.001,4,1124.5453950309534,0.5840199999999999
5000,0.65,0.001,4,1126.3810451044892,0.5839399999999999
10000,0.65,0.001,4,1133.089741404731,0.5840879999999998
100,0.7,0.1,0,1148.94452197924,0.5977999999999999
500,0.7,0.1,0,1140.1183917475842,0.5851199999999999
1000,0.7,0.1,0,1139.665530210911,0.5840199999999999
5000,0.7,0.1,0,1141.4852385888112,0.5839399999999999
10000,0.7,0.1,0,1148.1962858076213,0.5840879999999998
100,0.7,0.1,1,1164.2112146092195,0.5977999999999999
500,0.7,0.1,1,1155.2639036922433,0.5851199999999999
1000,0.7,0.1,1,1154.7961537067663,0.5840199999999999
5000,0.7,0.1,1,1156.6190224239883,0.5839399999999999
10000,0.7,0.1,1,1163.394763917844,0.5840879999999998
100,0.7,0.1,2,1179.5805366496502,0.5977999999999999
500,0.7,0.1,2,1170.5118746442258,0.5851199999999999
1000,0.7,0.1,2,1170.029709211172,0.5840199999999999
5000,0.7,0.1,2,1171.838858949314,0.5839399999999999
10000,0.7,0.1,2,1178.563669638809,0.5840879999999998
100,0.7,0.1,3,1194.8880549754801,0.5977999999999999
500,0.7,0.1,3,1185.6987796716883,0.5851199999999999
1000,0.7,0.1,3,1185.2019531293486,0.5840199999999999
5000,0.7,0.1,3,1187.0252245725133,0.5839399999999999
10000,0.7,0.1,3,1193.7749412405872,0.5840879999999998
100,0.7,0.1,4,1210.2327044659103,0.5977999999999999
500,0.7,0.1,4,1200.92053074184,0.5851199999999999
1000,0.7,0.1,4,1200.4064324829237,0.5840199999999999
5000,0.7,0.1,4,1202.1814795667742,0.5839399999999999
10000,0.7,0.1,4,1208.884975038992,0.5840879999999998
100,0.7,0.05,0,1225.4964323583893,0.5977999999999999
500,0.7,0.05,0,1216.064568082009,0.5851199999999999
1000,0.7,0.05,0,1215.5365969315812,0.5840199999999999
5000,0.7,0.05,0,1217.2958756443272,0.5839399999999999
10000,0.7,0.05,0,1223.9862666765855,0.5840879999999998
100,0.7,0.05,1,1240.7395960071597,0.5977999999999999
500,0.7,0.05,1,1231.1876556721597,0.5851199999999999
1000,0.7,0.05,1,1230.6444514110358,0.5840199999999999
5000,0.7,0.05,1,1232.3879679872884,0.5839399999999999
10000,0.7,0.05,1,1239.064755282053,0.5840879999999998
100,0.7,0.05,2,1255.95494723175,0.5977999999999999
500,0.7,0.05,2,1246.2827944975895,0.5851199999999999
1000,0.7,0.05,2,1245.7262196905717,0.5840199999999999
5000,0.7,0.05,2,1247.4600047477636,0.5839399999999999
10000,0.7,0.05,2,1254.1467899575862,0.5840879999999998
100,0.7,0.05,3,1271.1982971225405,0.5977999999999999
500,0.7,0.05,3,1261.40528563349,0.5851199999999999
1000,0.7,0.05,3,1260.8310514989973,0.5840199999999999
5000,0.7,0.05,3,1262.5515028340408,0.5839399999999999
10000,0.7,0.05,3,1269.251641795221,0.5840879999999998
100,0.7,0.05,4,1286.46365225719,0.5977999999999999
500,0.7,0.05,4,1276.5491350712632,0.5851199999999999
1000,0.7,0.05,4,1275.9603834593224,0.5840199999999999
5000,0.7,0.05,4,1277.672411189409,0.5839399999999999
10000,0.7,0.05,4,1284.3671821459661,0.5840879999999998
100,0.7,0.01,0,1301.7200446588101,0.5977999999999999
500,0.7,0.01,0,1291.6857031045847,0.5851199999999999
1000,0.7,0.01,0,1291.0812040120943,0.5840199999999999
5000,0.7,0.01,0,1292.7815747305772,0.5839399999999999
10000,0.7,0.01,0,1299.470086302476,0.5840879999999998
100,0.7,0.01,1,1316.9719139375402,0.5977999999999999
500,0.7,0.01,1,1306.8156161180034,0.5851199999999999
1000,0.7,0.01,1,1306.1949167789442,0.5840199999999999
5000,0.7,0.01,1,1307.8864318773053,0.5839399999999999
10000,0.7,0.01,1,1314.5748553122758,0.5840879999999998
100,0.7,0.01,2,1332.2268593104695,0.5977999999999999
500,0.7,0.01,2,1321.9514190125292,0.5851199999999999
1000,0.7,0.01,2,1321.3196719553778,0.5840199999999999
5000,0.7,0.01,2,1322.9929566732676,0.5839399999999999
10000,0.7,0.01,2,1329.6825875911024,0.5840879999999998
100,0.7,0.01,3,1347.4838328913509,0.5977999999999999
500,0.7,0.01,3,1337.0885273327376,0.5851199999999999
1000,0.7,0.01,3,1336.440812436045,0.5840199999999999
5000,0.7,0.01,3,1338.1079526152068,0.5839399999999999
10000,0.7,0.01,3,1344.7870235374703,0.5840879999999998
100,0.7,0.01,4,1362.73239010258,0.5977999999999999
500,0.7,0.01,4,1352.2147608552473,0.5851199999999999
1000,0.7,0.01,4,1351.5508503135404,0.5840199999999999
5000,0.7,0.01,4,1353.2023212083989,0.5839399999999999
10000,0.7,0.01,4,1359.8907133908715,0.5840879999999998
100,0.7,0.005,0,1377.99741236467,0.5977999999999999
500,0.7,0.005,0,1367.3588514748067,0.5851199999999999
1000,0.7,0.005,0,1366.680264062001,0.5840199999999999
5000,0.7,0.005,0,1368.3188883277694,0.5839399999999999
10000,0.7,0.005,0,1375.0035968348195,0.5840879999999998
100,0.7,0.005,1,1393.25215285134,0.5977999999999999
500,0.7,0.005,1,1382.4927338960094,0.5851199999999999
1000,0.7,0.005,1,1381.799194734536,0.5840199999999999
5000,0.7,0.005,1,1383.4279747160372,0.5839399999999999
10000,0.7,0.005,1,1390.122076681919,0.5840879999999998
100,0.7,0.005,2,1408.5348960855104,0.5977999999999999
500,0.7,0.005,2,1397.6541895509213,0.5851199999999999
1000,0.7,0.005,2,1396.9443637567954,0.5840199999999999
5000,0.7,0.005,2,1398.5598895049172,0.5839399999999999
10000,0.7,0.005,2,1405.248520121169,0.5840879999999998
100,0.7,0.005,3,1423.8066336980203,0.5977999999999999
500,0.7,0.005,3,1412.8045263460922,0.5851199999999999
1000,0.7,0.005,3,1412.0801738985965,0.5840199999999999
5000,0.7,0.005,3,1413.6845625689912,0.5839399999999999
10000,0.7,0.005,3,1420.3609122528433,0.5840879999999998
100,0.7,0.005,4,1439.0604378825703,0.5977999999999999
500,0.7,0.005,4,1427.939000627475,0.5851199999999999
1000,0.7,0.005,4,1427.2022776038364,0.5840199999999999
5000,0.7,0.005,4,1428.7983810959872,0.5839399999999999
10000,0.7,0.005,4,1435.4786957247313,0.5840879999999998
100,0.7,0.001,0,1454.3325364430202,0.5977999999999999
500,0.7,0.001,0,1443.0899795891683,0.5851199999999999
1000,0.7,0.001,0,1442.336107362628,0.5840199999999999
5000,0.7,0.001,0,1443.911524777341,0.5839399999999999
10000,0.7,0.001,0,1450.5807545695645,0.5840879999999998
100,0.7,0.001,1,1469.5747378509102,0.5977999999999999
500,0.7,0.001,1,1458.2104086513189,0.5851199999999999
1000,0.7,0.001,1,1457.4400768702612,0.5840199999999999
5000,0.7,0.001,1,1459.0021309393758,0.5839399999999999
10000,0.7,0.001,1,1465.6744058286922,0.5840879999999998
100,0.7,0.001,2,1484.8233805442399,0.5977999999999999
500,0.7,0.001,2,1473.3386438490732,0.5851199999999999
1000,0.7,0.001,2,1472.5588568042501,0.5840199999999999
5000,0.7,0.001,2,1474.1281897280517,0.5839399999999999
10000,0.7,0.001,2,1480.8056558251162,0.5840879999999998
100,0.7,0.001,3,1500.1069556842406,0.5977999999999999
500,0.7,0.001,3,1488.5020371096546,0.5851199999999999
1000,0.7,0.001,3,1487.7037701604092,0.5840199999999999
5000,0.7,0.001,3,1489.2486032004338,0.5839399999999999
10000,0.7,0.001,3,1495.926200921058,0.5840879999999998
100,0.7,0.001,4,1515.3806107955202,0.5977999999999999
500,0.7,0.001,4,1503.6537510414933,0.5851199999999999
1000,0.7,0.001,4,1502.8383719751725,0.5840199999999999
5000,0.7,0.001,4,1504.3825134956198,0.5839399999999999
10000,0.7,0.001,4,1511.0641020459607,0.5840879999999998
100,0.75,0.1,0,1530.66645989299,0.5977999999999999
500,0.75,0.1,0,1518.8163663500732,0.5851199999999999
1000,0.75,0.1,0,1517.9845982150382,0.5840199999999999
5000,0.75,0.1,0,1519.506893600207,0.5839399999999999
10000,0.75,0.1,0,1526.1831225878461,0.5840879999999998
100,0.75,0.1,1,1545.9318790221694,0.5977999999999999
500,0.75,0.1,1,1533.9619730555185,0.5851199999999999
1000,0.75,0.1,1,1533.1161483879255,0.5840199999999999
5000,0.75,0.1,1,1534.6182693631963,0.5839399999999999
10000,0.75,0.1,1,1541.2866658310695,0.5840879999999998
100,0.75,0.1,2,1561.18878307675,0.5977999999999999
500,0.75,0.1,2,1549.0975941187808,0.5851199999999999
1000,0.75,0.1,2,1548.2362431654633,0.5840199999999999
5000,0.75,0.1,2,1549.723638621203,0.5839399999999999
10000,0.75,0.1,2,1556.339686293002,0.5840879999999998
100,0.75,0.1,3,1576.3511012021502,0.5977999999999999
500,0.75,0.1,3,1564.1384343673087,0.5851199999999999
1000,0.75,0.1,3,1563.2576672645885,0.5840199999999999
5000,0.75,0.1,3,1564.7394532044843,0.5839399999999999
10000,0.75,0.1,3,1571.4418307488058,0.5840879999999998
100,0.75,0.1,4,1591.6593979142601,0.5977999999999999
500,0.75,0.1,4,1579.3273145642252,0.5851199999999999
1000,0.75,0.1,4,1578.4360375051265,0.5840199999999999
5000,0.75,0.1,4,1579.9105935027121,0.5839399999999999
10000,0.75,0.1,4,1586.595583908826,0.5840879999999998
100,0.75,0.05,0,1606.960630800521,0.5977999999999999
500,0.75,0.05,0,1594.5073705606517,0.5851199999999999
1000,0.75,0.05,0,1593.601959305004,0.5840199999999999
5000,0.75,0.05,0,1595.0704830106565,0.5839399999999999
10000,0.75,0.05,0,1601.7644945223885,0.5840879999999998
100,0.75,0.05,1,1622.2773682930406,0.5977999999999999
500,0.75,0.05,1,1609.703463247923,0.5851199999999999
1000,0.75,0.05,1,1608.783209067531,0.5840199999999999
5000,0.75,0.05,1,1610.2343352607722,0.5839399999999999
10000,0.75,0.05,1,1616.8551345626709,0.5840879999999998
100,0.75,0.05,2,1637.4735725505107,0.5977999999999999
500,0.75,0.05,2,1624.7773751009913,0.5851199999999999
1000,0.75,0.05,2,1623.836562840579,0.5840199999999999
5000,0.75,0.05,2,1625.2595500840691,0.5839399999999999
10000,0.75,0.05,2,1631.8868458741597,0.5840879999999998
100,0.75,0.05,3,1652.6617483775597,0.5977999999999999
500,0.75,0.05,3,1639.8454588938341,0.5851199999999999
1000,0.75,0.05,3,1638.890173825883,0.5840199999999999
5000,0.75,0.05,3,1640.296203289743,0.5839399999999999
10000,0.75,0.05,3,1646.9512809174848,0.5840879999999998
100,0.75,0.05,4,1667.9800057629702,0.5977999999999999
500,0.75,0.05,4,1655.0440619773383,0.5851199999999999
1000,0.75,0.05,4,1654.0789418112875,0.5840199999999999
5000,0.75,0.05,4,1655.4985383892097,0.5839399999999999
10000,0.75,0.05,4,1662.2123127470886,0.5840879999999998
100,0.75,0.01,0,1683.3319229109102,0.5977999999999999
500,0.75,0.01,0,1670.2745543797419,0.5851199999999999
1000,0.75,0.01,0,1669.2934871285415,0.5840199999999999
5000,0.75,0.01,0,1670.698771278902,0.5839399999999999
10000,0.75,0.01,0,1677.372163241401,0.5840879999999998
100,0.75,0.01,1,1698.63712077256,0.5977999999999999
500,0.75,0.01,1,1685.4589448441593,0.5851199999999999
1000,0.75,0.01,1,1684.4638116763724,0.5840199999999999
5000,0.75,0.01,1,1685.8573908947192,0.5839399999999999
10000,0.75,0.01,1,1692.541044195259,0.5840879999999998
100,0.75,0.01,2,1713.9577111488302,0.5977999999999999
500,0.75,0.01,2,1700.6583328586803,0.5851199999999999
1000,0.75,0.01,2,1699.6484677360654,0.5840199999999999
5000,0.75,0.01,2,1701.0343563162069,0.5839399999999999
10000,0.75,0.01,2,1707.7294253854402,0.5840879999999998
100,0.75,0.01,3,1729.2987357996492,0.5977999999999999
500,0.75,0.01,3,1715.875632903736,0.5851199999999999
1000,0.75,0.01,3,1714.8522838160345,0.5840199999999999
5000,0.75,0.01,3,1716.23033278698,0.5839399999999999
10000,0.75,0.01,3,1722.9149359091464,0.5840879999999998
100,0.75,0.01,4,1744.6386911838106,0.5977999999999999
500,0.75,0.01,4,1731.0965981374848,0.5851199999999999
1000,0.75,0.01,4,1730.0552504632365,0.5840199999999999
5000,0.75,0.01,4,1731.4103003837529,0.5839399999999999
10000,0.75,0.01,4,1738.072084454361,0.5840879999999998
100,0.75,0.005,0,1759.9165137563507,0.5977999999999999
500,0.75,0.005,0,1746.252838222923,0.5851199999999999
1000,0.75,0.005,0,1745.1965210674196,0.5840199999999999
5000,0.75,0.005,0,1746.5471407264245,0.5839399999999999
10000,0.75,0.005,0,1753.2330582377012,0.5840879999999998
100,0.75,0.005,1,1775.2545028809495,0.5977999999999999
500,0.75,0.005,1,1761.4699433422545,0.5851199999999999
1000,0.75,0.005,1,1760.3991741300074,0.5840199999999999
5000,0.75,0.005,1,1761.7291399391274,0.5839399999999999
10000,0.75,0.005,1,1768.3829936578545,0.5840879999999998
100,0.75,0.005,2,1790.5365882509004,0.5977999999999999
500,0.75,0.005,2,1776.6309582539884,0.5851199999999999
1000,0.75,0.005,2,1775.5449398225412,0.5840199999999999
5000,0.75,0.005,2,1776.861551549514,0.5839399999999999
10000,0.75,0.005,2,1783.535288457683,0.5840879999999998
100,0.75,0.005,3,1805.8471231113692,0.5977999999999999
500,0.75,0.005,3,1791.8203322599925,0.5851199999999999
1000,0.75,0.005,3,1790.719847865132,0.5840199999999999
5000,0.75,0.005,3,1792.0637751707818,0.5839399999999999
10000,0.75,0.005,3,1798.7685124537888,0.5840879999999998
100,0.75,0.005,4,1821.2454134404898,0.5977999999999999
500,0.75,0.005,4,1807.0970623991664,0.5851199999999999
1000,0.75,0.005,4,1805.9839812953744,0.5840199999999999
5000,0.75,0.005,4,1807.2881630314328,0.5839399999999999
10000,0.75,0.005,4,1813.9642860343113,0.5840879999999998
100,0.75,0.001,0,1836.56372809009,0.5977999999999999
500,0.75,0.001,0,1822.2922886889328,0.5851199999999999
1000,0.75,0.001,0,1821.1565354307954,0.5840199999999999
5000,0.75,0.001,0,1822.419876634153,0.5839399999999999
10000,0.75,0.001,0,1829.0607427317273,0.5840879999999998
100,0.75,0.001,1,1851.8283989342694,0.5977999999999999
500,0.75,0.001,1,1837.4374651199116,0.5851199999999999
1000,0.75,0.001,1,1836.29102999821,0.5840199999999999
5000,0.75,0.001,1,1837.5648629510827,0.5839399999999999
10000,0.75,0.001,1,1844.2296943458862,0.5840879999999998
100,0.75,0.001,2,1867.1361842742203,0.5977999999999999
500,0.75,0.001,2,1852.6233428928456,0.5851199999999999
1000,0.75,0.001,2,1851.4602387071757,0.5840199999999999
5000,0.75,0.001,2,1852.7174973674707,0.5839399999999999
10000,0.75,0.001,2,1859.3745919489822,0.5840879999999998
100,0.75,0.001,3,1882.43312345882,0.5977999999999999
500,0.75,0.001,3,1867.7992443796873,0.5851199999999999
1000,0.75,0.001,3,1866.621375224623,0.5840199999999999
5000,0.75,0.001,3,1867.8660588804416,0.5839399999999999
10000,0.75,0.001,3,1874.5195432271596,0.5840879999999998
100,0.75,0.001,4,1897.72771340091,0.5977999999999999
500,0.75,0.001,4,1882.9734206921025,0.5851199999999999
1000,0.75,0.001,4,1881.7823565336992,0.5840199999999999
5000,0.75,0.001,4,1883.0185688844547,0.5839399999999999
10000,0.75,0.001,4,1889.689890008359,0.5840879999999998
100,0.8,0.1,0,1913.0541718654904,0.5977999999999999
500,0.8,0.1,0,1898.1770354941739,0.5851199999999999
1000,0.8,0.1,0,1896.969838619504,0.5840199999999999
5000,0.8,0.1,0,1898.1926194924354,0.5839399999999999
10000,0.8,0.1,0,1904.8468250262383,0.5840879999999998
100,0.8,0.1,1,1928.3635864280297,0.5977999999999999
500,0.8,0.1,1,1913.3650088972506,0.5851199999999999
1000,0.8,0.1,1,1912.142124884715,0.5840199999999999
5000,0.8,0.1,1,1913.3549047251468,0.5839399999999999
10000,0.8,0.1,1,1920.0204936605576,0.5840879999999998
100,0.8,0.1,2,1943.6958740426196,0.5977999999999999
500,0.8,0.1,2,1928.5753544150843,0.5851199999999999
1000,0.8,0.1,2,1927.3376768653345,0.5840199999999999
5000,0.8,0.1,2,1928.5436968433385,0.5839399999999999
10000,0.8,0.1,2,1935.2196106530894,0.5840879999999998
100,0.8,0.1,3,1959.0456515629892,0.5977999999999999
500,0.8,0.1,3,1943.8045210782568,0.5851199999999999
1000,0.8,0.1,3,1942.5517397613692,0.5840199999999999
5000,0.8,0.1,3,1943.7425411224235,0.5839399999999999
10000,0.8,0.1,3,1950.4107676768929,0.5840879999999998
100,0.8,0.1,4,1974.3767950275692,0.5977999999999999
500,0.8,0.1,4,1959.0142520234779,0.5851199999999999
1000,0.8,0.1,4,1957.745079224492,0.5840199999999999
5000,0.8,0.1,4,1958.914027093865,0.5839399999999999
10000,0.8,0.1,4,1965.5542902335112,0.5840879999999998
100,0.8,0.05,0,1989.6710680513395,0.5977999999999999
500,0.8,0.05,0,1974.186537348749,0.5851199999999999
1000,0.8,0.05,0,1972.9007911513322,0.5840199999999999
5000,0.8,0.05,0,1974.059257760141,0.5839399999999999
10000,0.8,0.05,0,1980.700331116272,0.5840879999999998
100,0.8,0.05,1,2004.9600039683794,0.5977999999999999
500,0.8,0.05,1,1989.3550230067478,0.5851199999999999
1000,0.8,0.05,1,1988.055513333196,0.5840199999999999
5000,0.8,0.05,1,1989.200003662346,0.5839399999999999
10000,0.8,0.05,1,1995.851508519055,0.5840879999999998
100,0.8,0.05,2,2020.26668812722,0.5977999999999999
500,0.8,0.05,2,2004.5395797651665,0.5851199999999999
1000,0.8,0.05,2,2003.2243183323938,0.5840199999999999
5000,0.8,0.05,2,2004.3634268066917,0.5839399999999999
10000,0.8,0.05,2,2011.0309941225876,0.5840879999999998
100,0.8,0.05,3,2035.6128105746998,0.5977999999999999
500,0.8,0.05,3,2019.7646561920014,0.5851199999999999
1000,0.8,0.05,3,2018.435579063004,0.5840199999999999
5000,0.8,0.05,3,2019.5684621329383,0.5839399999999999
10000,0.8,0.05,3,2026.2276670725803,0.5840879999999998
100,0.8,0.05,4,2050.9485280917693,0.5977999999999999
500,0.8,0.05,4,2034.9793296019984,0.5851199999999999
1000,0.8,0.05,4,2033.6355727382513,0.5840199999999999
5000,0.8,0.05,4,2034.7472898028068,0.5839399999999999
10000,0.8,0.05,4,2041.3794196038752,0.5840879999999998
100,0.8,0.01,0,2066.2406448133697,0.5977999999999999
500,0.8,0.01,0,2050.150358322585,0.5851199999999999
1000,0.8,0.01,0,2048.7908626285503,0.5840199999999999
5000,0.8,0.01,0,2049.8979009235436,0.5839399999999999
10000,0.8,0.01,0,2056.549369411839,0.5840879999999998
100,0.8,0.01,1,2081.55904812213,0.5977999999999999
500,0.8,0.01,1,2065.34848245158,0.5851199999999999
1000,0.8,0.01,1,2063.9745154567345,0.5840199999999999
5000,0.8,0.01,1,2065.067933723692,0.5839399999999999
10000,0.8,0.01,1,2071.6965523090894,0.5840879999999998
100,0.8,0.01,2,2096.842327395529,0.5977999999999999
500,0.8,0.01,2,2080.5106152967533,0.5851199999999999
1000,0.8,0.01,2,2079.1206009875004,0.5840199999999999
5000,0.8,0.01,2,2080.197995163209,0.5839399999999999
10000,0.8,0.01,2,2086.8255590662234,0.5840879999999998
100,0.8,0.01,3,2112.141526227169,0.5977999999999999
500,0.8,0.01,3,2095.6893866028354,0.5851199999999999
1000,0.8,0.01,3,2094.286550746303,0.5840199999999999
5000,0.8,0.01,3,2095.3713882382854,0.5839399999999999
10000,0.8,0.01,3,2102.0329531654097,0.5840879999999998
100,0.8,0.01,4,2127.49769622511,0.5977999999999999
500,0.8,0.01,4,2110.9227832705706,0.5851199999999999
1000,0.8,0.01,4,2109.5039253509176,0.5840199999999999
5000,0.8,0.01,4,2110.562936698612,0.5839399999999999
10000,0.8,0.01,4,2117.2083819122613,0.5840879999999998
100,0.8,0.005,0,2142.835115320041,0.5977999999999999
500,0.8,0.005,0,2126.138938869181,0.5851199999999999
1000,0.8,0.005,0,2124.703886009436,0.5840199999999999
5000,0.8,0.005,0,2125.745473448713,0.5839399999999999
10000,0.8,0.005,0,2132.381841837761,0.5840879999999998
100,0.8,0.005,1,2158.15252748301,0.5977999999999999
500,0.8,0.005,1,2141.3357827563145,0.5851199999999999
1000,0.8,0.005,1,2139.886759485716,0.5840199999999999
5000,0.8,0.005,1,2140.9119857102487,0.5839399999999999
10000,0.8,0.005,1,2147.547472467668,0.5840879999999998
100,0.8,0.005,2,2173.4682488305,0.5977999999999999
500,0.8,0.005,2,2156.5291793506676,0.5851199999999999
1000,0.8,0.005,2,2155.063844574253,0.5840199999999999
5000,0.8,0.005,2,2156.082723708956,0.5839399999999999
10000,0.8,0.005,2,2162.708408618025,0.5840879999999998
100,0.8,0.005,3,2188.7744231196803,0.5977999999999999
500,0.8,0.005,3,2171.715117979179,0.5851199999999999
1000,0.8,0.005,3,2170.236317779393,0.5840199999999999
5000,0.8,0.005,3,2171.2424825077856,0.5839399999999999
10000,0.8,0.005,3,2177.8718832486675,0.5840879999999998
100,0.8,0.005,4,2204.08673415046,0.5977999999999999
500,0.8,0.005,4,2186.906012877254,0.5851199999999999
1000,0.8,0.005,4,2185.411684399995,0.5840199999999999
5000,0.8,0.005,4,2186.4033042621827,0.5839399999999999
10000,0.8,0.005,4,2192.977677594152,0.5840879999999998
100,0.8,0.001,0,2219.297746907561,0.5977999999999999
500,0.8,0.001,0,2201.9956622939903,0.5851199999999999
1000,0.8,0.001,0,2200.480882381786,0.5840199999999999
5000,0.8,0.001,0,2201.4337519316027,0.5839399999999999
10000,0.8,0.001,0,2207.9956116122657,0.5840879999999998
100,0.8,0.001,1,2234.468475500059,0.5977999999999999
500,0.8,0.001,1,2217.0462671119067,0.5851199999999999
1000,0.8,0.001,1,2215.5171279602127,0.5840199999999999
5000,0.8,0.001,1,2216.469112077688,0.5839399999999999
10000,0.8,0.001,1,2223.09513285313,0.5840879999999998
100,0.8,0.001,2,2249.7670928955104,0.5977999999999999
500,0.8,0.001,2,2232.2255300068878,0.5851199999999999
1000,0.8,0.001,2,2230.687140710663,0.5840199999999999
5000,0.8,0.001,2,2231.6761513095526,0.5839399999999999
10000,0.8,0.001,2,2238.251358269319,0.5840879999999998
100,0.8,0.001,3,2265.0308866588484,0.5977999999999999
500,0.8,0.001,3,2247.366851040645,0.5851199999999999
1000,0.8,0.001,3,2245.80820967585,0.5840199999999999
5000,0.8,0.001,3,2246.74641546892,0.5839399999999999
10000,0.8,0.001,3,2253.3801267752524,0.5840879999999998
100,0.8,0.001,4,2280.3564409371797,0.5977999999999999
500,0.8,0.001,4,2262.5719243683343,0.5851199999999999
1000,0.8,0.001,4,2261.0024942360346,0.5840199999999999
5000,0.8,0.001,4,2261.9370260939795,0.5839399999999999
10000,0.8,0.001,4,2268.5610018020893,0.5840879999999998
100,0.85,0.1,0,2295.680052510941,0.5977999999999999
500,0.85,0.1,0,2277.77284929257,0.5841999999999999
1000,0.85,0.1,0,2276.1879255539475,0.5840199999999999
5000,0.85,0.1,0,2277.1136888487654,0.5848359999999999
10000,0.85,0.1,0,2283.7444985667403,0.5848579999999999
100,0.85,0.1,1,2311.0141259679694,0.5977999999999999
500,0.85,0.1,1,2292.985236434066,0.5841999999999999
1000,0.85,0.1,1,2291.382931799712,0.5840199999999999
5000,0.85,0.1,1,2292.292935372013,0.5848359999999999
10000,0.85,0.1,1,2298.9092097548364,0.5848579999999999
100,0.85,0.1,2,2326.3246915809004,0.5977999999999999
500,0.85,0.1,2,2308.1746846274227,0.5841999999999999
1000,0.85,0.1,2,2306.5580050710937,0.5840199999999999
5000,0.85,0.1,2,2307.45351264956,0.5848359999999999
10000,0.85,0.1,2,2314.081170942602,0.5848579999999999
100,0.85,0.1,3,2341.655270490509,0.5977999999999999
500,0.85,0.1,3,2323.383781451599,0.5841999999999999
1000,0.85,0.1,3,2321.753568486356,0.5840199999999999
5000,0.85,0.1,3,2322.640713787528,0.5848359999999999
10000,0.85,0.1,3,2329.2539292550046,0.5848579999999999
100,0.85,0.1,4,2356.967622460071,0.5977999999999999
500,0.85,0.1,4,2338.5744186569036,0.5841999999999999
1000,0.85,0.1,4,2336.926924234273,0.5840199999999999
5000,0.85,0.1,4,2337.795468560223,0.5848359999999999
10000,0.85,0.1,4,2344.4058387065047,0.5848579999999999
100,0.85,0.05,0,2372.28153011049,0.5977999999999999
500,0.85,0.05,0,2353.7687682370934,0.5841999999999999
1000,0.85,0.05,0,2352.109569910953,0.5840199999999999
5000,0.85,0.05,0,2352.97219775084,0.5848359999999999
10000,0.85,0.05,0,2359.586781365646,0.5848579999999999
100,0.85,0.05,1,2387.6145607026106,0.5977999999999999
500,0.85,0.05,1,2368.9789513926794,0.5841999999999999
1000,0.85,0.05,1,2367.3028268364965,0.5840199999999999
5000,0.85,0.05,1,2368.1481631258735,0.5848359999999999
10000,0.85,0.05,1,2374.7477765690405,0.5848579999999999
100,0.85,0.05,2,2402.907024638001,0.5977999999999999
500,0.85,0.05,2,2384.1500376510667,0.5841999999999999
1000,0.85,0.05,2,2382.457208263993,0.5840199999999999
5000,0.85,0.05,2,2383.291448758015,0.5848359999999999
10000,0.85,0.05,2,2389.8989933462376,0.5848579999999999
100,0.85,0.05,3,2418.213209556329,0.5977999999999999
500,0.85,0.05,3,2399.3354478134947,0.5841999999999999
1000,0.85,0.05,3,2397.6263149135016,0.5840199999999999
5000,0.85,0.05,3,2398.4450308641804,0.5848359999999999
10000,0.85,0.05,3,2404.9866368319845,0.5848579999999999
100,0.85,0.05,4,2433.4024774971986,0.5977999999999999
500,0.85,0.05,4,2414.403213401745,0.5841999999999999
1000,0.85,0.05,4,2412.677315884286,0.5840199999999999
5000,0.85,0.05,4,2413.4664636293455,0.5848359999999999
10000,0.85,0.05,4,2420.0036503163437,0.5848579999999999
100,0.85,0.01,0,2448.5700377700896,0.5977999999999999
500,0.85,0.01,0,2429.451618108581,0.5841999999999999
1000,0.85,0.01,0,2427.7105421897936,0.5840199999999999
5000,0.85,0.01,0,2428.5180304010564,0.5848359999999999
10000,0.85,0.01,0,2435.13231658574,0.5848579999999999
100,0.85,0.01,1,2463.9025679171905,0.5977999999999999
500,0.85,0.01,1,2444.665612541148,0.5841999999999999
1000,0.85,0.01,1,2442.9159972846282,0.5840199999999999
5000,0.85,0.01,1,2443.7066869544033,0.5848359999999999
10000,0.85,0.01,1,2450.3161330371586,0.5848579999999999
100,0.85,0.01,2,2479.24083596428,0.5977999999999999
500,0.85,0.01,2,2459.8819674526544,0.5841999999999999
1000,0.85,0.01,2,2458.1170812501223,0.5840199999999999
5000,0.85,0.01,2,2458.87307596323,0.5848359999999999
10000,0.85,0.01,2,2465.416364015726,0.5848579999999999
100,0.85,0.01,3,2494.43624600757,0.5977999999999999
500,0.85,0.01,3,2474.953772173654,0.5841999999999999
1000,0.85,0.01,3,2473.1671070403672,0.5840199999999999
5000,0.85,0.01,3,2473.9807417652623,0.5848359999999999
10000,0.85,0.01,3,2480.5790645487264,0.5848579999999999
100,0.85,0.01,4,2509.794184352971,0.5977999999999999
500,0.85,0.01,4,2490.1925456219155,0.5841999999999999
1000,0.85,0.01,4,2488.3993776126135,0.5840199999999999
5000,0.85,0.01,4,2489.1323934784436,0.5848359999999999
10000,0.85,0.01,4,2495.664394905841,0.5848579999999999
100,0.85,0.005,0,2524.9883135925893,0.5977999999999999
500,0.85,0.005,0,2505.2650741510843,0.5841999999999999
1000,0.85,0.005,0,2503.448246790534,0.5840199999999999
5000,0.85,0.005,0,2504.163385469378,0.5848359999999999
10000,0.85,0.005,0,2510.686061792726,0.5848579999999999
100,0.85,0.005,1,2540.1451138367697,0.5977999999999999
500,0.85,0.005,1,2520.3019015144414,0.5841999999999999
1000,0.85,0.005,1,2518.4706271490177,0.5840199999999999
5000,0.85,0.005,1,2519.1754224717934,0.5848359999999999
10000,0.85,0.005,1,2525.70887731303,0.5848579999999999
100,0.85,0.005,2,2555.3289187042897,0.5977999999999999
500,0.85,0.005,2,2535.365967941897,0.5841999999999999
1000,0.85,0.005,2,2533.5223500482102,0.5840199999999999
5000,0.85,0.005,2,2534.2128245807694,0.5848359999999999
10000,0.85,0.005,2,2540.748550232335,0.5848579999999999
100,0.85,0.005,3,2570.5221480367495,0.5977999999999999
500,0.85,0.005,3,2550.4385881796743,0.5841999999999999
1000,0.85,0.005,3,2548.583000892787,0.5840199999999999
5000,0.85,0.005,3,2549.295069258008,0.5848359999999999
10000,0.85,0.005,3,2555.8938714303167,0.5848579999999999
100,0.85,0.005,4,2585.8542216271903,0.5977999999999999
500,0.85,0.005,4,2565.6513228240087,0.5841999999999999
1000,0.85,0.005,4,2563.7810389532815,0.5840199999999999
5000,0.85,0.005,4,2564.469040788948,0.5848359999999999
10000,0.85,0.005,4,2571.059776518669,0.5848579999999999
100,0.85,0.001,0,2601.180862631341,0.5977999999999999
500,0.85,0.001,0,2580.857002445848,0.5841999999999999
1000,0.85,0.001,0,2578.9722925127917,0.5840199999999999
5000,0.85,0.001,0,2579.657425664461,0.5848359999999999
10000,0.85,0.001,0,2586.2519006138327,0.5848579999999999
100,0.85,0.001,1,2616.5134494954787,0.5977999999999999
500,0.85,0.001,1,2596.070946886594,0.5841999999999999
1000,0.85,0.001,1,2594.173164268458,0.5840199999999999
5000,0.85,0.001,1,2594.843585928958,0.5848359999999999
10000,0.85,0.001,1,2601.4010026890082,0.5848579999999999
100,0.85,0.001,2,2631.7721192159097,0.5977999999999999
500,0.85,0.001,2,2611.2089208755788,0.5841999999999999
1000,0.85,0.001,2,2609.3034593265984,0.5840199999999999
5000,0.85,0.001,2,2609.9594249484135,0.5848359999999999
10000,0.85,0.001,2,2616.5309427983575,0.5848579999999999
100,0.85,0.001,3,2647.085019374639,0.5977999999999999
500,0.85,0.001,3,2626.3980351883993,0.5841999999999999
1000,0.85,0.001,3,2624.467526362606,0.5840199999999999
5000,0.85,0.001,3,2625.105978496279,0.5848359999999999
10000,0.85,0.001,3,2631.688314937941,0.5848579999999999
100,0.85,0.001,4,2662.4056408347114,0.5977999999999999
500,0.85,0.001,4,2641.5973064452646,0.5841999999999999
1000,0.85,0.001,4,2639.6526808527915,0.5840199999999999
5000,0.85,0.001,4,2640.285813324505,0.5848359999999999
10000,0.85,0.001,4,2646.8715872463113,0.5848579999999999
100,0.9,0.1,0,2677.7360170951088,0.5977999999999999
500,0.9,0.1,0,2656.804364321586,0.5841999999999999
1000,0.9,0.1,0,2654.844078143652,0.5840199999999999
5000,0.9,0.1,0,2655.4675826591383,0.5848359999999999
10000,0.9,0.1,0,2662.075096125455,0.5848579999999999
100,0.9,0.1,1,2693.1039224754704,0.5977999999999999
500,0.9,0.1,1,2672.082235512904,0.5841999999999999
1000,0.9,0.1,1,2670.1182306704122,0.5840199999999999
5000,0.9,0.1,1,2670.7165370959897,0.5848359999999999
10000,0.9,0.1,1,2677.3049507853966,0.5848579999999999
100,0.9,0.1,2,2708.45588213508,0.5977999999999999
500,0.9,0.1,2,2687.2792691645554,0.5841999999999999
1000,0.9,0.1,2,2685.2818894940024,0.5840199999999999
5000,0.9,0.1,2,2685.868989280733,0.5848359999999999
10000,0.9,0.1,2,2692.423255173919,0.5848579999999999
100,0.9,0.1,3,2723.71904349759,0.5977999999999999
500,0.9,0.1,3,2702.4223976722456,0.5841999999999999
1000,0.9,0.1,3,2700.4113417326766,0.5840199999999999
5000,0.9,0.1,3,2700.9866977923552,0.5848359999999999
10000,0.9,0.1,3,2707.5396355239222,0.5848579999999999
100,0.9,0.1,4,2738.9844157913813,0.5977999999999999
500,0.9,0.1,4,2717.5666448589936,0.5841999999999999
1000,0.9,0.1,4,2715.5412896012595,0.5840199999999999
5000,0.9,0.1,4,2716.1002346309383,0.5848359999999999
10000,0.9,0.1,4,2722.645453631933,0.5848579999999999
100,0.9,0.05,0,2754.232393763001,0.5977999999999999
500,0.9,0.05,0,2732.6948977470797,0.5841999999999999
1000,0.9,0.05,0,2730.655009568624,0.5840199999999999
5000,0.9,0.05,0,2731.203347323758,0.5848359999999999
10000,0.9,0.05,0,2737.7426275064927,0.5848579999999999
100,0.9,0.05,1,2769.4829103571697,0.5977999999999999
500,0.9,0.05,1,2747.8250574792332,0.5841999999999999
1000,0.9,0.05,1,2745.7720225237517,0.5840199999999999
5000,0.9,0.05,1,2746.312399081414,0.5848359999999999
10000,0.9,0.05,1,2752.859148791193,0.5848579999999999
100,0.9,0.05,2,2784.754651879649,0.5977999999999999
500,0.9,0.05,2,2762.9751447046697,0.5841999999999999
1000,0.9,0.05,2,2760.9025207546706,0.5840199999999999
5000,0.9,0.05,2,2761.426180224726,0.5848359999999999
10000,0.9,0.05,2,2767.9770683983734,0.5848579999999999
100,0.9,0.05,3,2800.0262449188485,0.5977999999999999
500,0.9,0.05,3,2778.1254712302584,0.5841999999999999
1000,0.9,0.05,3,2776.039043922136,0.5840199999999999
5000,0.9,0.05,3,2776.5496232605515,0.5848359999999999
10000,0.9,0.05,3,2783.095308519705,0.5848579999999999
100,0.9,0.05,4,2815.2925899684196,0.5977999999999999
500,0.9,0.05,4,2793.2708938223127,0.5841999999999999
1000,0.9,0.05,4,2791.169452461284,0.5840199999999999
5000,0.9,0.05,4,2791.6742280821463,0.5848359999999999
10000,0.9,0.05,4,2798.222565517737,0.5848579999999999
100,0.9,0.01,0,2830.5663226584807,0.5977999999999999
500,0.9,0.01,0,2808.42594139134,0.5841999999999999
1000,0.9,0.01,0,2806.3149536254564,0.5840199999999999
5000,0.9,0.01,0,2806.806765191862,0.5848359999999999
10000,0.9,0.01,0,2813.354623585883,0.5848579999999999
100,0.9,0.01,1,2845.8553125350813,0.5977999999999999
500,0.9,0.01,1,2823.595767172334,0.5841999999999999
1000,0.9,0.01,1,2821.4685723958314,0.5840199999999999
5000,0.9,0.01,1,2821.9479626597317,0.5848359999999999
10000,0.9,0.01,1,2828.4721838779374,0.5848579999999999
100,0.9,0.01,2,2861.10738705672,0.5977999999999999
500,0.9,0.01,2,2838.7258781789847,0.5841999999999999
1000,0.9,0.01,2,2836.5852803447046,0.5840199999999999
5000,0.9,0.01,2,2837.057770386512,0.5848359999999999
10000,0.9,0.01,2,2843.6045378222125,0.5848579999999999
100,0.9,0.01,3,2876.40028726006,0.5977999999999999
500,0.9,0.01,3,2853.8996516076904,0.5841999999999999
1000,0.9,0.01,3,2851.742595938384,0.5840199999999999
5000,0.9,0.01,3,2852.1998411279874,0.5848359999999999
10000,0.9,0.01,3,2858.745222954483,0.5848579999999999
100,0.9,0.01,4,2891.68918610632,0.5977999999999999
500,0.9,0.01,4,2869.065362825425,0.5841999999999999
1000,0.9,0.01,4,2866.8922922962047,0.5840199999999999
5000,0.9,0.01,4,2867.3387757313862,0.5848359999999999
10000,0.9,0.01,4,2873.8839089170838,0.5848579999999999
100,0.9,0.005,0,2906.9782818442895,0.5977999999999999
500,0.9,0.005,0,2884.234905455063,0.5841999999999999
1000,0.9,0.005,0,2882.0476519939575,0.5840199999999999
5000,0.9,0.005,0,2882.481600854955,0.5848359999999999
10000,0.9,0.005,0,2889.0238660621,0.5848579999999999
100,0.9,0.005,1,2922.2750999950895,0.5977999999999999
500,0.9,0.005,1,2899.409633654818,0.5841999999999999
1000,0.9,0.005,1,2897.2074444557875,0.5840199999999999
5000,0.9,0.005,1,2897.635500894782,0.5848359999999999
10000,0.9,0.005,1,2904.1885199850713,0.5848579999999999
100,0.9,0.005,2,2937.5957205221707,0.5977999999999999
500,0.9,0.005,2,2914.6085489003362,0.5841999999999999
1000,0.9,0.005,2,2912.3934144228783,0.5840199999999999
5000,0.9,0.005,2,2912.8144901984465,0.5848359999999999
10000,0.9,0.005,2,2919.3600390531383,0.5848579999999999
100,0.9,0.005,3,2952.903140712631,0.5977999999999999
500,0.9,0.005,3,2929.7954125784913,0.5841999999999999
1000,0.9,0.005,3,2927.5616183118696,0.5840199999999999
5000,0.9,0.005,3,2927.9555090297285,0.5848359999999999
10000,0.9,0.005,3,2934.4805621526302,0.5848579999999999
100,0.9,0.005,4,2968.17635755671,0.5977999999999999
500,0.9,0.005,4,2944.9480823246713,0.5841999999999999
1000,0.9,0.005,4,2942.7016672311775,0.5840199999999999
5000,0.9,0.005,4,2943.0885788216183,0.5848359999999999
10000,0.9,0.005,4,2949.6139879682823,0.5848579999999999
100,0.9,0.001,0,2983.460672892179,0.5977999999999999
500,0.9,0.001,0,2960.1136947462546,0.5841999999999999
1000,0.9,0.001,0,2957.8543660686655,0.5840199999999999
5000,0.9,0.001,0,2958.2324413906313,0.5848359999999999
10000,0.9,0.001,0,2964.7700431451003,0.5848579999999999
100,0.9,0.001,1,2998.783676035041,0.5977999999999999
500,0.9,0.001,1,2975.317017929271,0.5841999999999999
1000,0.9,0.001,1,2973.0451250302435,0.5840199999999999
5000,0.9,0.001,1,2973.420324266699,0.5848359999999999
10000,0.9,0.001,1,2979.9570480463335,0.5848579999999999
100,0.9,0.001,2,3014.102523222541,0.5977999999999999
500,0.9,0.001,2,2990.5117939144284,0.5841999999999999
1000,0.9,0.001,2,2988.2215432076146,0.5840199999999999
5000,0.9,0.001,2,2988.566871525193,0.5848359999999999
10000,0.9,0.001,2,2995.093651679739,0.5848579999999999
100,0.9,0.001,3,3029.395845658009,0.5977999999999999
500,0.9,0.001,3,3005.6841432277233,0.5841999999999999
1000,0.9,0.001,3,3003.3782426844436,0.5840199999999999
5000,0.9,0.001,3,3003.7209345135375,0.5848359999999999
10000,0.9,0.001,3,3010.249929333658,0.5848579999999999
100,0.9,0.001,4,3044.6976636692402,0.5977999999999999
500,0.9,0.001,4,3020.8653590475787,0.5841999999999999
1000,0.9,0.001,4,3018.544776149754,0.5840199999999999
5000,0.9,0.001,4,3018.8720970067197,0.5848359999999999
10000,0.9,0.001,4,3025.4048968404613,0.5848579999999999
100,0.95,0.1,0,3060.00568199339,0.5977999999999999
500,0.95,0.1,0,3036.0495403439295,0.5841999999999999
1000,0.95,0.1,0,3033.708106708673,0.5840199999999999
5000,0.95,0.1,0,3034.018958239967,0.5848359999999999
10000,0.95,0.1,0,3040.5341932376327,0.5848579999999999
100,0.95,0.1,1,3075.271477125099,0.5977999999999999
500,0.95,0.1,1,3051.194248946584,0.5841999999999999
1000,0.95,0.1,1,3048.8411744293344,0.5840199999999999
5000,0.95,0.1,1,3049.137819582741,0.5848359999999999
10000,0.95,0.1,1,3055.6519074066496,0.5848579999999999
100,0.95,0.1,2,3090.54143084173,0.5977999999999999
500,0.95,0.1,2,3066.343347431404,0.5841999999999999
1000,0.95,0.1,2,3063.9742623121742,0.5840199999999999
5000,0.95,0.1,2,3064.261090146125,0.5848359999999999
10000,0.95,0.1,2,3070.7873254141728,0.5848579999999999
100,0.95,0.1,3,3105.826855523881,0.5977999999999999
500,0.95,0.1,3,3081.5070539250178,0.5841999999999999
1000,0.95,0.1,3,3079.121607170738,0.5840199999999999
5000,0.95,0.1,3,3079.398247876006,0.5848359999999999
10000,0.95,0.1,3,3085.9155407994954,0.5848579999999999
100,0.95,0.1,4,3121.105165128881,0.5977999999999999
500,0.95,0.1,4,3096.664110493083,0.5841999999999999
1000,0.95,0.1,4,3094.266069649572,0.5840199999999999
5000,0.95,0.1,4,3094.5269258927806,0.5848359999999999
10000,0.95,0.1,4,3101.0160257131424,0.5848579999999999
100,0.95,0.05,0,3136.3336858804505,0.5977999999999999
500,0.95,0.05,0,3111.7729741225985,0.5841999999999999
1000,0.95,0.05,0,3109.35699348013,0.5840199999999999
5000,0.95,0.05,0,3109.6000729538855,0.5848359999999999
10000,0.95,0.05,0,3116.076229925,0.5848579999999999
100,0.95,0.05,1,3151.5330908592396,0.5977999999999999
500,0.95,0.05,1,3126.852664499491,0.5841999999999999
1000,0.95,0.05,1,3124.4215566789608,0.5840199999999999
5000,0.95,0.05,1,3124.64785796387,0.5848359999999999
10000,0.95,0.05,1,3131.13527752796,0.5848579999999999
100,0.95,0.05,2,3166.762494284689,0.5977999999999999
500,0.95,0.05,2,3141.9602389417246,0.5841999999999999
1000,0.95,0.05,2,3139.5115480762793,0.5840199999999999
5000,0.95,0.05,2,3139.7305590061956,0.5848359999999999
10000,0.95,0.05,2,3146.214740644384,0.5848579999999999
100,0.95,0.05,3,3181.9846772784394,0.5977999999999999
500,0.95,0.05,3,3157.062987244652,0.5841999999999999
1000,0.95,0.05,3,3154.6015848397956,0.5840199999999999
5000,0.95,0.05,3,3154.805954783057,0.5848359999999999
10000,0.95,0.05,3,3161.275782951609,0.5848579999999999
100,0.95,0.05,4,3197.184366065859,0.5977999999999999
500,0.95,0.05,4,3172.1411629741665,0.5841999999999999
1000,0.95,0.05,4,3169.6645634262436,0.5840199999999999
5000,0.95,0.05,4,3169.8536380602573,0.5848359999999999
10000,0.95,0.05,4,3176.3345367020447,0.5848579999999999
100,0.95,0.01,0,3212.4100460313603,0.5977999999999999
500,0.95,0.01,0,3187.2517735377724,0.5841999999999999
1000,0.95,0.01,0,3184.7647003898396,0.5840199999999999
5000,0.95,0.01,0,3184.9484744925376,0.5848359999999999
10000,0.95,0.01,0,3191.4252271574765,0.5848579999999999
100,0.95,0.01,1,3227.643524063451,0.5977999999999999
500,0.95,0.01,1,3202.364680963319,0.5841999999999999
1000,0.95,0.01,1,3199.8624667232257,0.5840199999999999
5000,0.95,0.01,1,3200.0399293372134,0.5848359999999999
10000,0.95,0.01,1,3206.530245972753,0.5848579999999999
100,0.95,0.01,2,3242.9055106558803,0.5977999999999999
500,0.95,0.01,2,3217.5044622979176,0.5841999999999999
1000,0.95,0.01,2,3214.9859586548077,0.5840199999999999
5000,0.95,0.01,2,3215.1506949793666,0.5848359999999999
10000,0.95,0.01,2,3221.622733597383,0.5848579999999999
100,0.95,0.01,3,3258.1349016183985,0.5977999999999999
500,0.95,0.01,3,3232.613856196181,0.5841999999999999
1000,0.95,0.01,3,3230.0810899612943,0.5840199999999999
5000,0.95,0.01,3,3230.227741177395,0.5848359999999999
10000,0.95,0.01,3,3236.7017101784154,0.5848579999999999
100,0.95,0.01,4,3273.3747746938293,0.5977999999999999
500,0.95,0.01,4,3247.7331445832583,0.5841999999999999
1000,0.95,0.01,4,3245.1869162194257,0.5840199999999999
5000,0.95,0.01,4,3245.32662579797,0.5848359999999999
10000,0.95,0.01,4,3251.7958366661733,0.5848579999999999
100,0.95,0.005,0,3288.6181660954608,0.5977999999999999
500,0.95,0.005,0,3262.857458808095,0.5841999999999999
1000,0.95,0.005,0,3260.29629282037,0.5840199999999999
5000,0.95,0.005,0,3260.421379278856,0.5848359999999999
10000,0.95,0.005,0,3266.8906014151376,0.5848579999999999
100,0.95,0.005,1,3303.8755367650797,0.5977999999999999
500,0.95,0.005,1,3277.996197095006,0.5841999999999999
1000,0.95,0.005,1,3275.4213882103018,0.5840199999999999
5000,0.95,0.005,1,3275.5750129261264,0.5848359999999999
10000,0.95,0.005,1,3282.169704149227,0.5848579999999999
100,0.95,0.005,2,3319.3091374171718,0.5977999999999999
500,0.95,0.005,2,3293.3057422053353,0.5841999999999999
1000,0.95,0.005,2,3290.7172259760305,0.5840199999999999
5000,0.95,0.005,2,3290.82471348557,0.5848359999999999
10000,0.95,0.005,2,3297.318642995415,0.5848579999999999
100,0.95,0.005,3,3334.5952673880097,0.5977999999999999
500,0.95,0.005,3,3308.4833566340044,0.5841999999999999
1000,0.95,0.005,3,3305.9587976679936,0.5840199999999999
5000,0.95,0.005,3,3306.072271995213,0.5848359999999999
10000,0.95,0.005,3,3312.572908015413,0.5848579999999999
100,0.95,0.005,4,3349.995540512639,0.5977999999999999
500,0.95,0.005,4,3323.750523089291,0.5841999999999999
1000,0.95,0.005,4,3321.1318395295743,0.5840199999999999
5000,0.95,0.005,4,3321.21390786859,0.5848359999999999
10000,0.95,0.005,4,3327.768151711414,0.5848579999999999
100,0.95,0.001,0,3365.402013767579,0.5977999999999999
500,0.95,0.001,0,3339.0394382214636,0.5841999999999999
1000,0.95,0.001,0,3336.4102644829186,0.5840199999999999
5000,0.95,0.001,0,3336.486662823735,0.5848359999999999
10000,0.95,0.001,0,3342.9673356500703,0.5848579999999999
100,0.95,0.001,1,3380.6931665809116,0.5977999999999999
500,0.95,0.001,1,3354.2115210788083,0.5841999999999999
1000,0.95,0.001,1,3351.5681045628357,0.5840199999999999
5000,0.95,0.001,1,3351.639283617766,0.5848359999999999
10000,0.95,0.001,1,3358.153849785196,0.5848579999999999
100,0.95,0.001,2,3396.0660230563185,0.5977999999999999
500,0.95,0.001,2,3369.459411933681,0.5841999999999999
1000,0.95,0.001,2,3366.7961408977667,0.5840199999999999
5000,0.95,0.001,2,3366.848272153406,0.5848359999999999
10000,0.95,0.001,2,3373.3281783851685,0.5848579999999999
100,0.95,0.001,3,3411.3440768583796,0.5977999999999999
500,0.95,0.001,3,3384.6157469960904,0.5841999999999999
1000,0.95,0.001,3,3381.9383605602907,0.5840199999999999
5000,0.95,0.001,3,3381.9741287817715,0.5848359999999999
10000,0.95,0.001,3,3388.443220945536,0.5848579999999999
100,0.95,0.001,4,3426.6246944338195,0.5977999999999999
500,0.95,0.001,4,3399.7766860809015,0.5841999999999999
1000,0.95,0.001,4,3397.086404214932,0.5840199999999999
5000,0.95,0.001,4,3397.10496784701,0.5848359999999999
10000,0.95,0.001,4,3403.56697972194,0.5848579999999999
100,0.99,0.1,0,3441.9020409147192,0.5977999999999999
500,0.99,0.1,0,3414.947515165247,0.5841999999999999
1000,0.99,0.1,0,3412.255761420546,0.5840199999999999
5000,0.99,0.1,0,3412.2768739917497,0.5848359999999999
10000,0.99,0.1,0,3418.751132739555,0.5848579999999999
100,0.99,0.1,1,3457.2484581525514,0.5977999999999999
500,0.99,0.1,1,3430.1722457121664,0.5841999999999999
1000,0.99,0.1,1,3427.464410185639,0.5840199999999999
5000,0.99,0.1,1,3427.4764655880817,0.5848359999999999
10000,0.99,0.1,1,3433.955312086525,0.5848579999999999
100,0.99,0.1,2,3472.5909516921924,0.5977999999999999
500,0.99,0.1,2,3445.392711718989,0.5841999999999999
1000,0.99,0.1,2,3442.668961226079,0.5840199999999999
5000,0.99,0.1,2,3442.670313984404,0.5848359999999999
10000,0.99,0.1,2,3449.163101660537,0.5848579999999999
100,0.99,0.1,3,3487.96991655509,0.5977999999999999
500,0.99,0.1,3,3460.6499749625978,0.5841999999999999
1000,0.99,0.1,3,3457.911187829975,0.5840199999999999
5000,0.99,0.1,3,3457.898102822043,0.5848359999999999
10000,0.99,0.1,3,3464.374530805353,0.5848579999999999
100,0.99,0.1,4,3503.3203422113597,0.5977999999999999
500,0.99,0.1,4,3475.879397091819,0.5841999999999999
1000,0.99,0.1,4,3473.1260541403576,0.5840199999999999
5000,0.99,0.1,4,3473.1055662187086,0.5848359999999999
10000,0.99,0.1,4,3479.57057279685,0.5848579999999999
100,0.99,0.05,0,3518.665388578869,0.5977999999999999
500,0.99,0.05,0,3491.1107411148982,0.5841999999999999
1000,0.99,0.05,0,3488.3484089530943,0.5840199999999999
5000,0.99,0.05,0,3488.3164197064275,0.5848359999999999
10000,0.99,0.05,0,3494.793413849369,0.5848579999999999
100,0.99,0.05,1,3534.0454930634082,0.5977999999999999
500,0.99,0.05,1,3506.3706487011764,0.5841999999999999
1000,0.99,0.05,1,3503.5960777127902,0.5840199999999999
5000,0.99,0.05,1,3503.5592884052353,0.5848359999999999
10000,0.99,0.05,1,3510.0626937872926,0.5848579999999999
100,0.99,0.05,2,3549.464363026289,0.5977999999999999
500,0.99,0.05,2,3521.6687959268975,0.5841999999999999
1000,0.99,0.05,2,3518.8797869852397,0.5840199999999999
5000,0.99,0.05,2,3518.827423851965,0.5848359999999999
10000,0.99,0.05,2,3525.303009212115,0.5848579999999999
100,0.99,0.05,3,3564.8593599559085,0.5977999999999999
500,0.99,0.05,3,3536.9423360935707,0.5841999999999999
1000,0.99,0.05,3,3534.1399365775787,0.5840199999999999
5000,0.99,0.05,3,3534.0762641233405,0.5848359999999999
10000,0.99,0.05,3,3540.538438055899,0.5848579999999999
100,0.99,0.05,4,3580.2383316988485,0.5977999999999999
500,0.99,0.05,4,3552.1979071363294,0.5841999999999999
1000,0.99,0.05,4,3549.3792281664255,0.5840199999999999
5000,0.99,0.05,4,3549.3038773455323,0.5848359999999999
10000,0.99,0.05,4,3555.7811274307915,0.5848579999999999
100,0.99,0.01,0,3595.664858940891,0.5977999999999999
500,0.99,0.01,0,3567.526055468321,0.5841999999999999
1000,0.99,0.01,0,3564.7151717578627,0.5840199999999999
5000,0.99,0.01,0,3564.651831891362,0.5848359999999999
10000,0.99,0.01,0,3571.156108762879,0.5848579999999999
100,0.99,0.01,1,3611.205272909239,0.5977999999999999
500,0.99,0.01,1,3582.944141066655,0.5841999999999999
1000,0.99,0.01,1,3580.118860471837,0.5840199999999999
5000,0.99,0.01,1,3580.0445866596265,0.5848359999999999
10000,0.99,0.01,1,3586.525178793998,0.5848579999999999
100,0.99,0.01,2,3626.698900706709,0.5977999999999999
500,0.99,0.01,2,3598.3133569460006,0.5841999999999999
1000,0.99,0.01,2,3595.4709898825117,0.5840199999999999
5000,0.99,0.01,2,3595.375784902216,0.5848359999999999
10000,0.99,0.01,2,3601.871280626815,0.5848579999999999
100,0.99,0.01,3,3642.2122694213813,0.5977999999999999
500,0.99,0.01,3,3613.705966480171,0.5841999999999999
1000,0.99,0.01,3,3610.85056279375,0.5840199999999999
5000,0.99,0.01,3,3610.7486464925096,0.5848359999999999
10000,0.99,0.01,3,3617.245999706707,0.5848579999999999
100,0.99,0.01,4,3657.749925859201,0.5977999999999999
500,0.99,0.01,4,3629.120389856249,0.5841999999999999
1000,0.99,0.01,4,3626.2508091294267,0.5840199999999999
5000,0.99,0.01,4,3626.145074244012,0.5848359999999999
10000,0.99,0.01,4,3632.6493408047736,0.5848579999999999
100,0.99,0.005,0,3673.3123577283886,0.5977999999999999
500,0.99,0.005,0,3644.569756868592,0.5841999999999999
1000,0.99,0.005,0,3641.693241611204,0.5840199999999999
5000,0.99,0.005,0,3641.5751986122914,0.5848359999999999
10000,0.99,0.005,0,3648.0619205033986,0.5848579999999999
100,0.99,0.005,1,3688.85734132427,0.5977999999999999
500,0.99,0.005,1,3659.9924525940014,0.5841999999999999
1000,0.99,0.005,1,3657.098491623884,0.5840199999999999
5000,0.99,0.005,1,3656.967085202962,0.5848359999999999
10000,0.99,0.005,1,3663.4592358210607,0.5848579999999999
100,0.99,0.005,2,3704.4171027255006,0.5977999999999999
500,0.99,0.005,2,3675.427634789832,0.5841999999999999
1000,0.99,0.005,2,3672.520880811004,0.5840199999999999
5000,0.99,0.005,2,3672.575547005728,0.5848359999999999
10000,0.99,0.005,2,3679.085600395883,0.5848579999999999
100,0.99,0.005,3,3720.2046849675894,0.5977999999999999
500,0.99,0.005,3,3691.092495163498,0.5841999999999999
1000,0.99,0.005,3,3688.170806847144,0.5840199999999999
5000,0.99,0.005,3,3688.0182882035533,0.5848359999999999
10000,0.99,0.005,3,3694.5054952697255,0.5848579999999999
100,0.99,0.005,4,3735.7649903475517,0.5977999999999999
500,0.99,0.005,4,3706.5271201118444,0.5841999999999999
1000,0.99,0.005,4,3703.589527889319,0.5840199999999999
5000,0.99,0.005,4,3703.4269232639767,0.5848359999999999
10000,0.99,0.005,4,3709.9289923035653,0.5848579999999999
100,0.99,0.001,0,3751.3798742125887,0.5977999999999999
500,0.99,0.001,0,3722.044166228575,0.5841999999999999
1000,0.99,0.001,0,3719.115646923849,0.5840199999999999
5000,0.99,0.001,0,3718.9562262484997,0.5848359999999999
10000,0.99,0.001,0,3725.460631614034,0.5848579999999999
100,0.99,0.001,1,3767.051752143829,0.5977999999999999
500,0.99,0.001,1,3737.5915556337586,0.5841999999999999
1000,0.99,0.001,1,3734.6483937947255,0.5840199999999999
5000,0.99,0.001,1,3734.482657422375,0.5848359999999999
10000,0.99,0.001,1,3740.997690433681,0.5848579999999999
100,0.99,0.001,2,3782.74790070636,0.5977999999999999
500,0.99,0.001,2,3753.163408623145,0.5841999999999999
1000,0.99,0.001,2,3750.205900499259,0.5840199999999999
5000,0.99,0.001,2,3750.0307887007953,0.5848359999999999
10000,0.99,0.001,2,3756.5409523449825,0.5848579999999999
100,0.99,0.001,3,3798.4375874196203,0.5977999999999999
500,0.99,0.001,3,3768.728378680068,0.5841999999999999
1000,0.99,0.001,3,3765.753580625749,0.5840199999999999
5000,0.99,0.001,3,3765.5633590771818,0.5848359999999999
10000,0.99,0.001,3,3772.086692944854,0.5848579999999999
100,0.99,0.001,4,3814.1530085988493,0.5977999999999999
500,0.99,0.001,4,3784.3195985534194,0.5841999999999999
1000,0.99,0.001,4,3781.33164118788,0.5840199999999999
5000,0.99,0.001,4,3781.127929458096,0.5848359999999999
10000,0.99,0.001,4,3787.639718394278,0.5848579999999999
